caption,comments_count,like_count,is_shared_to_feed,media_product_type,media_type,media_url,is_comment_enabled,permalink,timestamp,id
"*1099+$*

 *Premium Gadwal / Kalyani Cotton Silk Sarees* 

 *No colour fade after wash (Normal Wash)*

*With  Contrast Blouse*",0,6,True,REELS,VIDEO,https://scontent-maa2-2.cdninstagram.com/o1/v/t16/f1/m82/3D4D7BB7EE3D67C3CCC3997527DAEB88_video_dashinit.mp4?efg=eyJ2ZW5jb2RlX3RhZyI6InZ0c192b2RfdXJsZ2VuLjcyMC5jbGlwcyJ9&_nc_ht=scontent-maa2-2.cdninstagram.com&_nc_cat=100&vs=961989244824764_2290496405&_nc_vs=HBksFQIYT2lnX3hwdl9yZWVsc19wZXJtYW5lbnRfcHJvZC8zRDREN0JCN0VFM0Q2N0MzQ0NDMzk5NzUyN0RBRUI4OF92aWRlb19kYXNoaW5pdC5tcDQVAALIAQAVABgkR1BfQlV4U1RiNXZMMlBVVkFHWjQ2dy1fWnFRa2JxX0VBQUFGFQICyAEAKAAYABsBiAd1c2Vfb2lsATEVAAAmloO8mbnk7z8VAigCQzMsF0A7lgQYk3S8GBJkYXNoX2Jhc2VsaW5lXzFfdjERAHUAAA%3D%3D&ccb=9-4&oh=00_AfAXSC8Ohs2PNVXKKjzm3PNXWSwgzUuwjjXhoqGF9LCUSg&oe=646778A9&_nc_sid=c07a80&_nc_rid=d25a20efbe,True,https://www.instagram.com/reel/CrituaBI93m/,2023-04-27 14:11:27+00:00,18276019384190032
"*1099+$* (CS) 

 *Premium Gadwal / Kalyani Cotton Silk Sarees* 

 *No colour fade after wash (Normal Wash)*

*With  Contrast Blouse*",0,5,True,REELS,VIDEO,https://scontent-maa2-2.cdninstagram.com/o1/v/t16/f1/m82/33473CAFB775D1254A087E91371C9787_video_dashinit.mp4?efg=eyJ2ZW5jb2RlX3RhZyI6InZ0c192b2RfdXJsZ2VuLjcyMC5jbGlwcyJ9&_nc_ht=scontent-maa2-2.cdninstagram.com&_nc_cat=102&vs=534352282200062_1102877745&_nc_vs=HBksFQIYT2lnX3hwdl9yZWVsc19wZXJtYW5lbnRfcHJvZC8zMzQ3M0NBRkI3NzVEMTI1NEEwODdFOTEzNzFDOTc4N192aWRlb19kYXNoaW5pdC5tcDQVAALIAQAVABgkR0I1NWtCTU82dGZwT1RFS0FGWTF4bGlEWG45c2JxX0VBQUFGFQICyAEAKAAYABsBiAd1c2Vfb2lsATEVAAAm7KmU0v7ZiEAVAigCQzMsF0AowQYk3S8bGBJkYXNoX2Jhc2VsaW5lXzFfdjERAHUAAA%3D%3D&ccb=9-4&oh=00_AfDPQXh3G-fgM-Cn2ZOCzSQCNNFxNEVQb4CJp1u4W0rfHw&oe=6467F3B1&_nc_sid=c07a80&_nc_rid=cd6b0b29f3,True,https://www.instagram.com/reel/CrA_fEQIdt0/,2023-04-14 11:52:01+00:00,17962404812261069
"*By the Grace of Almighty Presenting our new launch of Family Combo* (GG) 

*New Arrivals - Ramadan Edition*

*Always Dress Well Keep It Simple But Significant* 

 *All Garments are made of  Export surplus Cotton fabric* 

*Mens Shirt* : Slim Fit

*Womens Kurti* : Straight cut Pattern with beautiful contrast embroidery design with side slit open with side single Pocket

*Kids Frock* : Knee Length frock with Ruffled sleeves and strings on both side with back buttons.

Mens size : *M-39,  L-40, XL-42, XXL-44*
Mens Price : *‚Çπ790*

Womens Size : *M-38, L-40, XL-42 XXL-44, 3XL-46*
Womens Price : *‚Çπ790*

Kids Shirt : *1 to 14yrs*
Kids Shirt Price :
1-2 to 6-7yrs : *‚Çπ590*
7-8 to 13-14yrs : *‚Çπ650*

Kids Frock : *1 to 14yrs*
Kids Frock Price :
1-2 to 6-7yrs : *‚Çπ650*
7-8 to 13-14yrs : *‚Çπ690*

*Moq : 3 PCs*

Shipping charges :

Tamilnadu: *‚Çπ60*
Other states : *‚Çπ80(upto 3 pcs)*
Other states : *‚Çπ100(for 4 pcs)*",0,4,,FEED,CAROUSEL_ALBUM,https://scontent-maa2-1.cdninstagram.com/v/t51.29350-15/341130617_970875127620662_183691888678193072_n.webp?stp=dst-jpg&_nc_cat=106&ccb=1-7&_nc_sid=8ae9d6&_nc_ohc=9hZwQqX5NCAAX-Gcwlg&_nc_ht=scontent-maa2-1.cdninstagram.com&edm=AEQ6tj4EAAAA&oh=00_AfC8rkLc5VMl7P2g-o4g7Q7VWTzfc7K5226Sv433yzV68g&oe=646BDB02,True,https://www.instagram.com/p/CrAruSmvOGF/,2023-04-14 08:57:29+00:00,18204651619244894
"*750+$* CS

Naira cut kurti pant set
Kurti length 46
Pant 38

M l xl xxl

Heavy embroidery work kurti

80 per kg ship
2 pcs can come in one ship",0,5,,FEED,CAROUSEL_ALBUM,https://scontent-maa2-1.cdninstagram.com/v/t51.29350-15/340322355_560506606073500_2612880033720929764_n.webp?stp=dst-jpg&_nc_cat=100&ccb=1-7&_nc_sid=8ae9d6&_nc_ohc=uDTGoK_DVCcAX80Yp7M&_nc_ht=scontent-maa2-1.cdninstagram.com&edm=AEQ6tj4EAAAA&oh=00_AfDPNadMVDxHwGGiO3qKPltmqKvlrnDvBAZwWNV2fMW9SA&oe=646B8C87,True,https://www.instagram.com/p/Cq0zd71P3fH/,2023-04-09 18:14:16+00:00,17969529302119541
"*999+$* CS

 *Premium Gadwal / Kalyani Cotton Silk Sarees*

 *No colour fade after wash (Normal Wash)*

 *With  Contrast Blouse* 

 *Very soft and smooth to wear*",0,16,True,REELS,VIDEO,,True,https://www.instagram.com/reel/Cq0baQ5IhMQ/,2023-04-09 14:44:37+00:00,17951815298578485
"üëâüí•*Launching New Colour‚Äôs*üí•üëå (MNO) 

üëó*Launching New Designer Party Wear Look Rose üåπ Flower Pattern Work Gown & Dupatta *üëóüßö‚Äç‚ôÄÔ∏è‚≠êÔ∏è

üßµ*FABRIC DETAILS*üßµüëá

*üëâüßö‚Äç‚ôÄÔ∏èGown Fabric* :Heavy Soft Butterfly Net With Rose Flower Pattern Ribin Work With Rivet Moti Work With Sleeve
*(Front & Back Side Full Work)*
*üëâüßö‚Äç‚ôÄÔ∏èGown Inner* : Micro Cotton
*üëâüßö‚Äç‚ôÄÔ∏èGown Size* : Up To 42 Xl Free Size & XXl 44 Margin *(Fully Stiched )*
*üëâüßö‚Äç‚ôÄÔ∏èGown Length* :52-53 Inches
*üëâüßö‚Äç‚ôÄÔ∏èGown Flair * : 3 Meter 

*üëâüßö‚Äç‚ôÄÔ∏èBottom Fabric * :No

*üëâüßö‚Äç‚ôÄÔ∏èDupatta Fabric * :Heavy Soft Butterfly Net With Rivet Moti Work With Pallu Raffle 
*üëâüßö‚Äç‚ôÄÔ∏èDupatta Length*:2.20 Meter

üëâ* Rate :-1300rs freeshipping 

üìå*FULL STOCK READY TO SHIP *üõç
*Unique Design For Your Unique Style‚Ä¶‚Ä¶!!!!*
üëå‚≠êÔ∏è *Good Quality * ‚≠êÔ∏èüíóüí´",0,13,,FEED,CAROUSEL_ALBUM,https://scontent-maa2-1.cdninstagram.com/v/t51.29350-15/339454406_924792308662394_3625172941333570285_n.webp?stp=dst-jpg&_nc_cat=105&ccb=1-7&_nc_sid=8ae9d6&_nc_ohc=VZ2oMlRJGfkAX_rI3Ou&_nc_ht=scontent-maa2-1.cdninstagram.com&edm=AEQ6tj4EAAAA&oh=00_AfDXaSU7JFmxqbLHm1HpP3Ws4GDUxF-6hrY_ZZ5Em8yu3A&oe=646B19D6,True,https://www.instagram.com/p/CqkOA_qvQgX/,2023-04-03 07:39:09+00:00,17975922701005340
"Price 1400rs freeshipping (MNO) 

üëóüí•üí•Presenting By New Party Wear Look Organza  Silk  Gown With Dupatta 

üõçÔ∏è *Febrics Tyep*

üëóGown Febrics Organza  Silk Heavy Quality Fabric With Digital Print And Handwork üí•Gold Foil , Full Sleeve 

üëóGown : Organza Taby Silk 
üëóGown : Length 55-57 In
üëóGown Inner : Heavy Micro Cotton
üëóGown Flair :  4.20 Meter
üëóGown : Size XL-42 ( Full Stitich) FREE SIZE 

üëóDupatta : Organza  Silk With Digital Print , Four Side Golden Gotta Lece Broder ‚Ä¶. 

: A Great Quality / : A 1  Quality 
üéàüéàüéàüéàüéàüéàüéàüéàüéàüéà

 *Due to photography minor color difference will be there*",0,5,True,REELS,VIDEO,https://scontent-maa2-2.cdninstagram.com/o1/v/t16/f1/m82/5647CB227402EA4B4AE4AAE6C4ADE1B0_video_dashinit.mp4?efg=eyJ2ZW5jb2RlX3RhZyI6InZ0c192b2RfdXJsZ2VuLjQ4MC5jbGlwcyJ9&_nc_ht=scontent-maa2-2.cdninstagram.com&_nc_cat=100&vs=1372443053304347_2820627156&_nc_vs=HBksFQIYT2lnX3hwdl9yZWVsc19wZXJtYW5lbnRfcHJvZC81NjQ3Q0IyMjc0MDJFQTRCNEFFNEFBRTZDNEFERTFCMF92aWRlb19kYXNoaW5pdC5tcDQVAALIAQAVABgkR04xbFBoVG5sakpJV3JNQUFORXBaNUpwNzZnM2JxX0VBQUFGFQICyAEAKAAYABsBiAd1c2Vfb2lsATEVAAAm0LmD0rnz6z8VAigCQzMsF0BGa0OVgQYlGBJkYXNoX2Jhc2VsaW5lXzFfdjERAHUAAA%3D%3D&ccb=9-4&oh=00_AfCfKcMEMkulj5uT44LQm-UxIBcMb8gk9SiNf_89z-1Nzw&oe=6467DCB9&_nc_sid=c07a80&_nc_rid=6ba5e43f3a,True,https://www.instagram.com/reel/CqkNwSlozpv/,2023-04-03 07:37:21+00:00,17948205518601991
"*GORGEOUS IKKAT 5 PIECE COMBO* (MNO) 
 *‚û£1pcs Tote + 1pcs Coin Pouch + 1pcs Hand Wallet + 1pcs Sling + 1pcs Goggle Pouch.*
*‚û£ Stylish & Unique.*
*‚û£ Size Of Tote: 15"" √ó 12"".*
*‚û£ Hand Wallet: 8.5"" √ó 5.5"".*
*‚û£ Coin Pouch: 6 "" √ó 4.5""*
*‚û£ Goggle Pouch: 8.5""√ó4.5"".*
*‚û£ Sling: 7.5"" √ó 8"".*
*‚û£ Available In 9 Beautiful Prints.*
*‚û£ Excellent Quality.*
*‚û£ Video Provided For Simplification.*
*‚û£ Limited Stock.*
 899rs freeshipping",0,5,True,REELS,VIDEO,,True,https://www.instagram.com/reel/CpIf_7nKytN/,2023-02-26 16:46:56+00:00,18182191855301225
"Price 999/-+Ship

Adding The New Colour To Our Most Loved Design
 
Featuring Solid Georgette Maxi Dress With Finely Curated 9MM Sequence All Over! With A Unique Neck Pattern üòç This Is Made For Simple Casual Dressing With Subtle Detailing! Hurry, Get Yours Now! üòç Pair It With A Beautiful Georgette  Dupptta And Frill Lace Borders üòç

‚û°Fabric: Georgette
‚û°Sizes: M-38 L-40 XL-42 XXL-44
‚û°Lining:  Crepe
‚û°Length: 52""
‚û°Color: Teal Blue ‚ú® 

Happy shopping üõçÔ∏èüòÄ",0,6,True,REELS,VIDEO,https://scontent-maa2-2.cdninstagram.com/o1/v/t16/f1/m82/3D44E7EE167C0F46555A1C8A819D0695_video_dashinit.mp4?efg=eyJ2ZW5jb2RlX3RhZyI6InZ0c192b2RfdXJsZ2VuLjcyMC5jbGlwcyJ9&_nc_ht=scontent-maa2-2.cdninstagram.com&_nc_cat=108&vs=1202751483780217_905121099&_nc_vs=HBksFQIYT2lnX3hwdl9yZWVsc19wZXJtYW5lbnRfcHJvZC8zRDQ0RTdFRTE2N0MwRjQ2NTU1QTFDOEE4MTlEMDY5NV92aWRlb19kYXNoaW5pdC5tcDQVAALIAQAVABgkR0FrYzNoTmd1UjFtdTJnQUFNN0NveUZHd3NNOGJxX0VBQUFGFQICyAEAKAAYABsBiAd1c2Vfb2lsATEVAAAmrtO915%2Fc1D8VAigCQzMsF0Aktsi0OVgQGBJkYXNoX2Jhc2VsaW5lXzFfdjERAHUAAA%3D%3D&ccb=9-4&oh=00_AfCxIBJUNLM3onF3XvOoa1kq7L_FWhTjYBzUBtbBSl1ikA&oe=6467BB94&_nc_sid=c07a80&_nc_rid=f0ec4b9124,True,https://www.instagram.com/reel/CpHzoKEIYj5/,2023-02-26 10:18:38+00:00,18034506853453873
"New Arrival ü§© Similar to SitaRamam saree ü¶ã‚ù§

Pure Chinon Silk Saree Multi Emrodiry Squence Work Saree Lucknowi Lace & Raw Silk Stich Blouse Size Up To 42 !!

Price 999/- free ship 

Ready Stock Available",0,3,True,REELS,VIDEO,,True,https://www.instagram.com/reel/CpHiRLyI0Qk/,2023-02-26 07:48:50+00:00,18089408371317547
"*GORGEOUS IKKAT 5 PIECE COMBO* (MNO) 
 *‚û£1pcs Tote + 1pcs Coin Pouch + 1pcs Hand Wallet + 1pcs Sling + 1pcs Goggle Pouch.*
*‚û£ Stylish & Unique.*
*‚û£ Size Of Tote: 15"" √ó 12"".*
*‚û£ Hand Wallet: 8.5"" √ó 5.5"".*
*‚û£ Coin Pouch: 6 "" √ó 4.5""*
*‚û£ Goggle Pouch: 8.5""√ó4.5"".*
*‚û£ Sling: 7.5"" √ó 8"".*
*‚û£ Available In 9 Beautiful Prints.*
*‚û£ Excellent Quality.*
*‚û£ Video Provided For Simplification.*
*‚û£ Limited Stock.*
 899rs freeshipping",0,6,,FEED,CAROUSEL_ALBUM,https://scontent-maa2-1.cdninstagram.com/v/t51.29350-15/333092246_2565783510240333_3856366137686403638_n.webp?stp=dst-jpg&_nc_cat=105&ccb=1-7&_nc_sid=8ae9d6&_nc_ohc=tdbujFjYRPgAX9aqtqK&_nc_ht=scontent-maa2-1.cdninstagram.com&edm=AEQ6tj4EAAAA&oh=00_AfDHmoceaxPXYjO5epdlwPVahWMQFJnOdaS1EG5QrbYTiA&oe=646ACA31,True,https://www.instagram.com/p/CpA9xUUPgAV/,2023-02-23 18:32:23+00:00,17998804321639527
"Pichwai Gadwal Pattu Kalmkari Digital Print Designer Saree

We take pride and excited to introduce these royal ethnic sarees to you!

It's highly handpicked and designed exclusively just for you!
Exult this festival/wedding season with these incredible weaved pure Gadwal silk sarees, that is high in quality and weaving all over the body with Mina Kalamkari And majestic contrast very big border and royal ombre kinda pallu.
It pairs with a contrasting blouse with a border to make them look even more classic and graceful.

Fully Stichtend blouse pichwai print with handwork 
Size 40+2 inch margin

*Price :- 1449/- Free Ship*

100% Quality assurance Item",0,3,True,REELS,VIDEO,,True,https://www.instagram.com/reel/CoczyDrKUmh/,2023-02-09 17:32:47+00:00,17896775459688969
"*699+$* CS

*Original Royal Copper  Chiffon brasso Saree Best Quality beautiful brasso collection contrast Mundi Contrast Blouse*",0,8,,FEED,CAROUSEL_ALBUM,https://scontent-maa2-2.cdninstagram.com/v/t51.29350-15/329451120_3496331633937859_7461551033283443808_n.webp?stp=dst-jpg&_nc_cat=101&ccb=1-7&_nc_sid=8ae9d6&_nc_ohc=84SLeIXPmr4AX--hREI&_nc_ht=scontent-maa2-2.cdninstagram.com&edm=AEQ6tj4EAAAA&oh=00_AfAQbGiX7osGfSVI5Lqiv7aYlBajXRWvi-MNs2KnVHIYJQ&oe=646AFC9D,True,https://www.instagram.com/p/CoYpxmqvKnf/,2023-02-08 02:48:03+00:00,17996776486644862
"New Arrival 

Pure Chinon Silk Saree Multi Emrodiry Work Saree Lucknowi Lace & Raw Silk Stich Blouse !!

Price 899/- Free Shipüò≥

Fix Price No Less !

Ready Stock",0,5,,FEED,CAROUSEL_ALBUM,https://scontent-maa2-2.cdninstagram.com/v/t51.29350-15/328451607_1339199400206276_5425353760073587440_n.webp?stp=dst-jpg&_nc_cat=101&ccb=1-7&_nc_sid=8ae9d6&_nc_ohc=q8JRCKF4lScAX-GYju0&_nc_ht=scontent-maa2-2.cdninstagram.com&edm=AEQ6tj4EAAAA&oh=00_AfCa5h_bLq9tNwRgSbV0JepCXYSYDlucNOExrbnHrGCI6g&oe=646B7134,True,https://www.instagram.com/p/CoIKLHMv0gU/,2023-02-01 17:04:03+00:00,17965262990320932
"‚ù§Ô∏èWall frame set
üíõPrice - 1600
üíö6*8 inch frame - 8
üíô12*8 inch A4 frame - 1
üñ§Free shipping
ü§ç4 white and 4 black frame 
ü§épics required - 9

#rsgiftings",0,3,,FEED,IMAGE,https://scontent-maa2-1.cdninstagram.com/v/t51.29350-15/327839506_2241518759513551_4764378186247933888_n.webp?stp=dst-jpg&_nc_cat=108&ccb=1-7&_nc_sid=8ae9d6&_nc_ohc=rnOHIz8bpWkAX-N8GOB&_nc_ht=scontent-maa2-1.cdninstagram.com&edm=AEQ6tj4EAAAA&oh=00_AfD1-rYuXZ3fxdRSmnLHpmnUaZA98925DnZg1LaGMMzWKg&oe=646BD175,True,https://www.instagram.com/p/CoB9s58PJx4/,2023-01-30 07:19:38+00:00,17962152425486729
"*‚Çπ.1650+shipp*

Launching pure superb softy kuberpattu with rich Copper silk zari with self blouse with very hit design of softy

Material - Copper kuberpattu rich",0,4,True,REELS,VIDEO,https://scontent-maa2-2.cdninstagram.com/o1/v/t16/f1/m82/704206B599C11D8DB896A8CD4BF336A0_video_dashinit.mp4?efg=eyJ2ZW5jb2RlX3RhZyI6InZ0c192b2RfdXJsZ2VuLjcyMC5jbGlwcyJ9&_nc_ht=scontent-maa2-2.cdninstagram.com&_nc_cat=103&vs=2282440041927529_3204017438&_nc_vs=HBksFQIYT2lnX3hwdl9yZWVsc19wZXJtYW5lbnRfcHJvZC83MDQyMDZCNTk5QzExRDhEQjg5NkE4Q0Q0QkYzMzZBMF92aWRlb19kYXNoaW5pdC5tcDQVAALIAQAVABgkR0VpS2p4TzFSaTVXUzhvRkFGT3g4eW9qZHFFd2JxX0VBQUFGFQICyAEAKAAYABsBiAd1c2Vfb2lsATEVAAAmgo6xy%2FSR4D8VAigCQzMsF0Ax4UeuFHrhGBJkYXNoX2Jhc2VsaW5lXzFfdjERAHUAAA%3D%3D&ccb=9-4&oh=00_AfBVJqdus_RTZAoKLS3WZgEBxnwENeyNpKDw3pj8szCXBw&oe=6467D2C5&_nc_sid=c07a80&_nc_rid=84dfea0a92,True,https://www.instagram.com/reel/CoANS7LIisO/,2023-01-29 14:57:57+00:00,17980584979800120
"*üìå PRICE DROP ALERT*

*FABRIC : SOFT LICHI SILK CLOTH.*

*DESIGN : BEAUTIFUL RICH PALLU & JACQUARD WORK ON ALL OVER THE SAREE.*

*BLOUSE : CONTRAST EXCLUSIVE JACQUARD BORDER.*

 üòç *Price :  499/- FREE SHIP* üòç

 ‚û°Ô∏è *100% BEST QUALITY* ‚¨ÖÔ∏è

üëå *Once Give Opportunity , Coustomer Satisfaction Is Our Goal*",0,8,True,REELS,VIDEO,https://scontent-maa2-2.cdninstagram.com/o1/v/t16/f1/m82/CC41A9BFBA68CEF60A5955680F168F9B_video_dashinit.mp4?efg=eyJ2ZW5jb2RlX3RhZyI6InZ0c192b2RfdXJsZ2VuLjQ4MC5jbGlwcyJ9&_nc_ht=scontent-maa2-2.cdninstagram.com&_nc_cat=110&vs=5884369911647915_4151757085&_nc_vs=HBksFQIYT2lnX3hwdl9yZWVsc19wZXJtYW5lbnRfcHJvZC9DQzQxQTlCRkJBNjhDRUY2MEE1OTU1NjgwRjE2OEY5Ql92aWRlb19kYXNoaW5pdC5tcDQVAALIAQAVABgkR0ZNTGh4TmJHRHVOUXQwVkFDSkNHMURnS3E5U2JxX0VBQUFGFQICyAEAKAAYABsBiAd1c2Vfb2lsATEVAAAmtpGDo%2FzM3j8VAigCQzMsF0AWwYk3S8aoGBJkYXNoX2Jhc2VsaW5lXzFfdjERAHUAAA%3D%3D&ccb=9-4&oh=00_AfASpdUKc7cIN-jTNxU3eEe9jZe3gPoWreR-zbfqBrqknw&oe=6467A42E&_nc_sid=c07a80&_nc_rid=961f6f8a3c,True,https://www.instagram.com/reel/CoAGYkuocQs/,2023-01-29 13:57:31+00:00,18000676963609096
Price : 899 free shipping,0,4,,FEED,IMAGE,https://scontent-maa2-1.cdninstagram.com/v/t51.29350-15/327437706_535616305332214_4486199986120968042_n.webp?stp=dst-jpg&_nc_cat=105&ccb=1-7&_nc_sid=8ae9d6&_nc_ohc=9xGBvYZdFP4AX8iP_CW&_nc_ht=scontent-maa2-1.cdninstagram.com&edm=AEQ6tj4EAAAA&oh=00_AfDEHBICJ7P9CPd0UZ1g86tOUHXZGAHNkQuee-a85t9nUQ&oe=646BE552,True,https://www.instagram.com/p/Cn4dcSzPYOz/,2023-01-26 14:44:35+00:00,17863188350830759
"PREMIUM QUALITY 

5 line crystal long haram 
28 inches long 

Any color 
Only @ Rs.599 free shipping üåüüåüüåüüåüüåü

OFFER PRICE",0,6,True,REELS,VIDEO,https://scontent-maa2-2.cdninstagram.com/o1/v/t16/f1/m82/2A42F563E75A13A60A8C6F3A4F36EB91_video_dashinit.mp4?efg=eyJ2ZW5jb2RlX3RhZyI6InZ0c192b2RfdXJsZ2VuLjM1Mi5jbGlwcyJ9&_nc_ht=scontent-maa2-2.cdninstagram.com&_nc_cat=103&vs=720975966431389_4058012293&_nc_vs=HBksFQIYT2lnX3hwdl9yZWVsc19wZXJtYW5lbnRfcHJvZC8yQTQyRjU2M0U3NUExM0E2MEE4QzZGM0E0RjM2RUI5MV92aWRlb19kYXNoaW5pdC5tcDQVAALIAQAVABgkR0NJNmdoTmN0X0Zoa29jQ0FLaGx5cWlmT3MwbWJxX0VBQUFGFQICyAEAKAAYABsBiAd1c2Vfb2lsATEVAAAm8snBv%2B%2Fu7T8VAigCQzMsF0A2blYEGJN1GBJkYXNoX2Jhc2VsaW5lXzFfdjERAHUAAA%3D%3D&ccb=9-4&oh=00_AfBqJY4oFT8DmdOS91OXFvl-85PcW4ZSHk0JWF4ze6VntA&oe=64675B61&_nc_sid=c07a80&_nc_rid=7daa50bdad,True,https://www.instagram.com/reel/CnxJ8mWoYYA/,2023-01-23 18:40:57+00:00,17949135620445157
"Women's Solid Olive Dress

Fabric: Crepe

Sleeve Length: Three-Quarter Sleeves

Pattern: Self-Design

Sizes:
XS (Bust Size: 34 in, Length Size: 42 in) 
S (Bust Size: 36 in, Length Size: 42 in) 
M (Bust Size: 38 in, Length Size: 42 in) 
L (Bust Size: 40 in, Length Size: 42 in) 
XL (Bust Size: 42 in, Length Size: 42 in) 
XXL (Bust Size: 44 in, Length Size: 42 in) 

A Good quality for women. It will give then a classic and trendy look. This is Designed as per the latest trends to keep you in sync with high fashion and with casual, semi formal and other occasion, it will keep you comfortable all day long. The lovely design forms a substantial feature of this wear

Price: Rs.599 only

Cash on delivery ‚úîÔ∏è
Free shipping‚úîÔ∏è",0,7,,FEED,IMAGE,https://scontent-maa2-1.cdninstagram.com/v/t51.29350-15/322945250_530911072310867_2139719929475697549_n.webp?stp=dst-jpg&_nc_cat=110&ccb=1-7&_nc_sid=8ae9d6&_nc_ohc=A8Cl79W48_AAX9hSyMA&_nc_ht=scontent-maa2-1.cdninstagram.com&edm=AEQ6tj4EAAAA&oh=00_AfBRMu1Omfu0kTAiuKwDEvnOIE2_wqdCNpHXnm6b97LgBg&oe=646B242A,True,https://www.instagram.com/p/Cm37wfGP1Iz/,2023-01-01 13:18:51+00:00,17980475041848091
"Floral Tie Front Ruffle Hem Milkmaid Dress

Fabric: Rayon

Sleeve Length: Short Sleeves

Pattern: Printed

Sizes: XS, S, M, L & XL

Price: Rs.470 only

Cash on delivery ‚úîÔ∏è
Free shipping ‚úîÔ∏è",0,19,True,REELS,VIDEO,https://scontent-maa2-2.cdninstagram.com/o1/v/t16/f1/m82/474632DF781FDD517091DC7B1BE6DE80_video_dashinit.mp4?efg=eyJ2ZW5jb2RlX3RhZyI6InZ0c192b2RfdXJsZ2VuLjcyMC5jbGlwcyJ9&_nc_ht=scontent-maa2-2.cdninstagram.com&_nc_cat=105&vs=687658609584806_2059525703&_nc_vs=HBksFQIYT2lnX3hwdl9yZWVsc19wZXJtYW5lbnRfcHJvZC80NzQ2MzJERjc4MUZERDUxNzA5MURDN0IxQkU2REU4MF92aWRlb19kYXNoaW5pdC5tcDQVAALIAQAVABgkR0llV1N4TTRKRWFXZE5JQUFNS291VXp0VjJBT2JxX0VBQUFGFQICyAEAKAAYABsBiAd1c2Vfb2lsATEVAAAmtr2x%2FPnak0AVAigCQzMsF0AqGZmZmZmaGBJkYXNoX2Jhc2VsaW5lXzFfdjERAHUAAA%3D%3D&ccb=9-4&oh=00_AfB5D2Mp0UEnmKm41dvkOq4jJe0hHRbNKYttbajM-erWOw&oe=646760C9&_nc_sid=c07a80&_nc_rid=dd57ba4df6,True,https://www.instagram.com/reel/Cm3eEoHIlUj/,2023-01-01 09:00:58+00:00,17925839375625869
"Best Selling Western Rayon Cotton 

‚ñ™ Code: ZCW13

‚ñ™ Fabric: Rayon cotton
‚ñ™ Work: Mill Print
‚ñ™ Stitch Type: Full Stitched
‚ñ™ Size: S(36), M(38), L(40), XL(42)

‚ñ™ Best Price: 499/- free ship (ME) 

‚úî Best Quality 
‚úî Ready Stock
‚úî Single piece Ready 
‚úî Full Set Available",2,6,True,REELS,VIDEO,,True,https://www.instagram.com/reel/Cm3BecLKzq0/,2023-01-01 04:50:13+00:00,18230240650081909
Price : 850 free shipping,0,2,True,REELS,VIDEO,https://scontent-maa2-2.cdninstagram.com/o1/v/t16/f1/m82/FD46610BE1466D525CD7E63FAB5749A3_video_dashinit.mp4?efg=eyJ2ZW5jb2RlX3RhZyI6InZ0c192b2RfdXJsZ2VuLjcyMC5jbGlwcyJ9&_nc_ht=scontent-maa2-2.cdninstagram.com&_nc_cat=105&vs=570054158274259_1501419011&_nc_vs=HBksFQIYT2lnX3hwdl9yZWVsc19wZXJtYW5lbnRfcHJvZC9GRDQ2NjEwQkUxNDY2RDUyNUNEN0U2M0ZBQjU3NDlBM192aWRlb19kYXNoaW5pdC5tcDQVAALIAQAVABgkR0VsX0dCUGF5NzdsV1NrRUFJY0xNVzRZNjNnTGJxX0VBQUFGFQICyAEAKAAYABsBiAd1c2Vfb2lsATEVAAAm9t38nsvB60AVAigCQzMsF0Aq752yLQ5WGBJkYXNoX2Jhc2VsaW5lXzFfdjERAHUAAA%3D%3D&ccb=9-4&oh=00_AfBOa-8fp5joYT2IRnj0-rO4DXBBFiA5LmfO68ympezQPw&oe=64675F12&_nc_sid=c07a80&_nc_rid=4c0932ff8a,True,https://www.instagram.com/reel/CmzE1qaoWKI/,2022-12-30 16:02:28+00:00,18089786845308522
Price: 950 free shipping,0,3,,FEED,IMAGE,https://scontent-maa2-1.cdninstagram.com/v/t51.29350-15/322962977_3267848426811953_506222977399836440_n.webp?stp=dst-jpg&_nc_cat=108&ccb=1-7&_nc_sid=8ae9d6&_nc_ohc=IDHOv9dBrw8AX_0EdoS&_nc_ht=scontent-maa2-1.cdninstagram.com&edm=AEQ6tj4EAAAA&oh=00_AfD52EQdWzj9fO_eT50BqVGrr163BN9QZx3XYS0slejoCg&oe=646AF309,True,https://www.instagram.com/p/Cmt9oA3vy2U/,2022-12-28 16:22:46+00:00,17936071406589740
"Exclusive launch  soft light Organza With contrast Color jacquard with Sequence butti - We get you what you look for pure  soft Organza saree with Ready made blouse

Price - 1099/- Fix Price + ship ME

Blouse ‚Äì heavy full worked stitched blousey with tassels long  38 size max can go upto 42 size sleeves attached 

Ready Stock Available",0,10,,FEED,CAROUSEL_ALBUM,https://scontent-maa2-1.cdninstagram.com/v/t51.29350-15/322317685_200987729163789_5204614237387939761_n.webp?stp=dst-jpg&_nc_cat=105&ccb=1-7&_nc_sid=8ae9d6&_nc_ohc=CF1Yy9x18OkAX88CM3h&_nc_ht=scontent-maa2-1.cdninstagram.com&edm=AEQ6tj4EAAAA&oh=00_AfBVF8RHTy-Ns8EoeHzwquGD8FKLWTf9o8RtEDHnRrNpUw&oe=646B3F89,True,https://www.instagram.com/p/CmrRLabv23Y/,2022-12-27 15:15:54+00:00,17898391271720935
"New Arrival ME

Pure Chinon Creap Silk Saree Multi Emrodiry Work Raw Silk Full Stich Blouse Free Size Up To 42 

Price 1099/- + ship

Ready Stock Available !",0,4,,FEED,CAROUSEL_ALBUM,https://scontent-maa2-2.cdninstagram.com/v/t51.29350-15/322294805_860054648471794_5449343027433385038_n.webp?stp=dst-jpg&_nc_cat=111&ccb=1-7&_nc_sid=8ae9d6&_nc_ohc=9lcuq76fqvsAX-MeOEr&_nc_ht=scontent-maa2-2.cdninstagram.com&edm=AEQ6tj4EAAAA&oh=00_AfBqkNeZfq7znNemae2nFCjeo7sfvPFPtveBYRaQRC99HA&oe=646AD410,True,https://www.instagram.com/p/CmrF8ncvT8l/,2022-12-27 13:37:45+00:00,17962906022156039
"*CZ Combo Set*
Metal is Brass
Stone is AAA Star Cut 
Plating is Gold Plating 
*Rate is 1899 free shipping ‚úàÔ∏è*",0,3,,FEED,CAROUSEL_ALBUM,https://scontent-maa2-2.cdninstagram.com/v/t51.29350-15/322050482_1433193950539673_202419907619390198_n.webp?stp=dst-jpg&_nc_cat=111&ccb=1-7&_nc_sid=8ae9d6&_nc_ohc=_kF_U8quFYUAX_WOHyZ&_nc_ht=scontent-maa2-2.cdninstagram.com&edm=AEQ6tj4EAAAA&oh=00_AfCRS9oCPkd17g-zURaBJE24oqO60wNeLXFsVjSBCyghFA&oe=646B3ABD,True,https://www.instagram.com/p/CmqN4H3vQWe/,2022-12-27 05:27:48+00:00,17940994841370360
"*PB-34*üí•üëóüíÉüõçüëå
*Belt ‚Äî gown ‚Äî Dupatta*
 
*üíôBeautiful 6 colors ‚ô•Ô∏è* 
 üòçüòçü•∞ü•∞ü•∞ü•∞

 *Fabric*: fox Georgette
 *Length*: 52 inch
 *Flare*: 4 mtr(Umbrella flair) 
 *Work*: üß∂Beautiful hot fix work on neck & sleeve & with extra Belt with dori

*Dupatta*: 
*Fabric*: Fox Georgette 
 *Length*: 2.10 mtr

 *Sizes*: S-36
  M-38
  L-40 
  XL-42 
  XXL-44  XXXL-46

‚û°Ô∏è *Package contain: Gown + Dupatta + free Belt*

*Price :- 899 free Shipping* 

*Ready to ship üö¢*
*Happy shoppingüõíüõçÔ∏è*",0,7,,FEED,CAROUSEL_ALBUM,https://scontent-maa2-1.cdninstagram.com/v/t51.29350-15/321683278_551494033698491_1879063935688949429_n.webp?stp=dst-jpg&_nc_cat=105&ccb=1-7&_nc_sid=8ae9d6&_nc_ohc=EyYoGrXDt80AX_mBAda&_nc_ht=scontent-maa2-1.cdninstagram.com&edm=AEQ6tj4EAAAA&oh=00_AfAVNVJUD8qoXX3hHY_lXvZIEvUAHyrvbc3cRr9hUDXgEg&oe=646A5669,True,https://www.instagram.com/p/Cmou80hvs_9/,2022-12-26 15:38:20+00:00,17991254503650983
"*899+$* CS

 *Fabric :- Shimmer Georgette Saree With Netted Worked Blouse üëö*",0,9,,FEED,CAROUSEL_ALBUM,https://scontent-maa2-1.cdninstagram.com/v/t51.29350-15/321207885_495692585993228_3166827591393465749_n.webp?stp=dst-jpg&_nc_cat=108&ccb=1-7&_nc_sid=8ae9d6&_nc_ohc=e9P5h3qvdOwAX_Xb348&_nc_ht=scontent-maa2-1.cdninstagram.com&edm=AEQ6tj4EAAAA&oh=00_AfAr04I15lpTjkIf9n-vn3mYcDcO8-iFjdi4xKoYALkIbA&oe=646A0F67,True,https://www.instagram.com/p/CmjciG4PM4o/,2022-12-24 14:21:11+00:00,18015765544491410
"*1099+$* CS

*Pink Tissue Silk Embossed Saree*
Fabric : Pink Tissue 
Border : Sea Green 
Pallu : Designer rich 
Blouse : jacquard contrast 
Very good 1 st quality only",0,3,True,REELS,VIDEO,,True,https://www.instagram.com/reel/CmZMEbHIJX8/,2022-12-20 14:48:31+00:00,17997941506584335
Rs.899 free shipping,0,4,,FEED,CAROUSEL_ALBUM,https://scontent-maa2-1.cdninstagram.com/v/t51.29350-15/319711939_171484335567379_5321260903214159730_n.webp?stp=dst-jpg&_nc_cat=106&ccb=1-7&_nc_sid=8ae9d6&_nc_ohc=39DxXzeNpvYAX9WWhqm&_nc_ht=scontent-maa2-1.cdninstagram.com&edm=AEQ6tj4EAAAA&oh=00_AfC2etYD5WvRvSQDhgMNGB7gspc_gSnP8aMOdQBY9CTlLQ&oe=646AA231,True,https://www.instagram.com/p/CmHZ0E0vfCk/,2022-12-13 16:58:42+00:00,17987344474673208
"*launching wedding special sequence gownüë©‚Äç‚ù§Ô∏è‚Äçüë®*

Beautiful ü§©2 colors

üòòüòòüòòüòòüòòüòò
*New Launch üë©‚Äç‚ù§Ô∏è‚Äçüë© zik zak sequence with And line sequence work üòò*

üòòüòòüòòüòòüòòüòòüòò
For supremely stylish yet comfortable wedding look, slip into this sequence  work suit set beautiful crafted with zik zik sequence work and soothing bored at dupatta using line sequence pati lace üå∫üçÅ
Adorn this and leave a style statement wherever you go.

Material Fox Georgette
With sequence work
Complete Linning
Backside dory and fumka 
With net Dupptta with sequence lace 

Length 54‚Äùü§∑‚Äç‚ôÄÔ∏è

Size :- S-36
  M-38 
  L-40 
  Xl-42 
  XXl-44

*Price - 1149 + 79  shipping*

üôãüèª‚Äç‚ôÄÔ∏èüôãüèª‚Äç‚ôÄÔ∏èüôãüèª‚Äç‚ôÄÔ∏èüôãüèª‚Äç‚ôÄÔ∏èüôãüèª‚Äç‚ôÄÔ∏èüôãüèª‚Äç‚ôÄÔ∏èüôãüèª‚Äç‚ôÄÔ∏è
Ready to ship üö¢",0,3,True,REELS,VIDEO,https://scontent-maa2-2.cdninstagram.com/o1/v/t16/f1/m82/8C40EE77FA4884B46A0CCD49BC565C9D_video_dashinit.mp4?efg=eyJ2ZW5jb2RlX3RhZyI6InZ0c192b2RfdXJsZ2VuLjcyMC5jbGlwcyJ9&_nc_ht=scontent-maa2-2.cdninstagram.com&_nc_cat=102&vs=685720919616852_4173508907&_nc_vs=HBksFQIYT2lnX3hwdl9yZWVsc19wZXJtYW5lbnRfcHJvZC84QzQwRUU3N0ZBNDg4NEI0NkEwQ0NENDlCQzU2NUM5RF92aWRlb19kYXNoaW5pdC5tcDQVAALIAQAVABgkR0FpR0NSTmtrYW4xYTNNQUFGYTFPOFRwYVUxVWJxX0VBQUFGFQICyAEAKAAYABsBiAd1c2Vfb2lsATEVAAAmiOuVzO%2Fsn0AVAigCQzMsF0AxHS8an753GBJkYXNoX2Jhc2VsaW5lXzFfdjERAHUAAA%3D%3D&ccb=9-4&oh=00_AfAIAFFmA5Tm6t_N0yam3sBDavLxx9n6QF7RVSPKlZDxbg&oe=6467C6D9&_nc_sid=c07a80&_nc_rid=04e14d6420,True,https://www.instagram.com/reel/CmDk4BloLjI/,2022-12-12 05:22:07+00:00,17994994342606127
"*FABRIC : SOFT LICHI SILK CLOTH.*

*DESIGN : BEAUTIFUL RICH PALLU & JACQUARD WORK ON ALL OVER THE SAREE.*

*BLOUSE : CONTRAST HEVY BROCADE BLOUSE.*

 üòç *PRICE ONLY :  699/- free ship* üòç

 ‚û°Ô∏è *100% BEST QUALITY* ‚¨ÖÔ∏è

üëå *Once Give Opportunity , Coustomer Satisfaction Is Our Goal*",0,8,,FEED,CAROUSEL_ALBUM,https://scontent-maa2-2.cdninstagram.com/v/t51.29350-15/319296645_3180713405528034_296412122415197315_n.webp?stp=dst-jpg&_nc_cat=107&ccb=1-7&_nc_sid=8ae9d6&_nc_ohc=7K0YX3fCegIAX9fZVZW&_nc_ht=scontent-maa2-2.cdninstagram.com&edm=AEQ6tj4EAAAA&oh=00_AfBfsTBjBow5m73ur1ZSPZ7zBrol_ho5FfN-q6IWpFItSQ&oe=646A61E2,True,https://www.instagram.com/p/CmCZxTZv0oo/,2022-12-11 18:22:07+00:00,18258068998137000
"New Arrival ü§©

SITA RAMAM

Georgette Digital Print Emorodairy Paper Work Saree With Raw Silk Full Stich Blouse Up To 42 Size 

Price 1149/- + shipüòç

Ready Stock !",0,7,,FEED,CAROUSEL_ALBUM,https://scontent-maa2-1.cdninstagram.com/v/t51.29350-15/318685729_709068477243471_4293314333243352630_n.webp?stp=dst-jpg&_nc_cat=105&ccb=1-7&_nc_sid=8ae9d6&_nc_ohc=dmVQen_3pqkAX_odY98&_nc_ht=scontent-maa2-1.cdninstagram.com&edm=AEQ6tj4EAAAA&oh=00_AfB79Sw1ivWRt_QqEF2VOAZ657BoB_sCbxhnZRKB_05lqw&oe=646B4BF3,True,https://www.instagram.com/p/Cl_NvhqPd4B/,2022-12-10 12:39:17+00:00,18331040356065072
"Matte Gold Dulhan set

Price : 2599 free shipping

Online payment ‚úîÔ∏è",0,6,,FEED,CAROUSEL_ALBUM,https://scontent-maa2-1.cdninstagram.com/v/t51.29350-15/318788814_204955891947778_2447508636143655725_n.webp?stp=dst-jpg&_nc_cat=105&ccb=1-7&_nc_sid=8ae9d6&_nc_ohc=W34Rp_yYcQcAX_aJ2vF&_nc_ht=scontent-maa2-1.cdninstagram.com&edm=AEQ6tj4EAAAA&oh=00_AfB0rBqiil1We7dhVbHwIQItjTWzyfm8NexI9Ts_vrqd9w&oe=646A713B,True,https://www.instagram.com/p/Cl_M_o8vel_/,2022-12-10 12:32:45+00:00,17966640875072395
"Rs.999 free shipping

Online payment ‚úîÔ∏è",0,3,True,REELS,VIDEO,,True,https://www.instagram.com/reel/Cls5_icIFQk/,2022-12-03 10:01:32+00:00,18038862205401732
"Premium quality set ‚ù§

Rs.950 free ship ‚ù§

Online payment ‚ù§",0,1,True,REELS,VIDEO,,True,https://www.instagram.com/reel/CloK6Y6IBx4/,2022-12-01 13:52:44+00:00,18192596737233071
"Customised frame
8*8 - 480
10*10 - 520
12*12 - 599
Free shipping
30 photos needed

#rsgiftings",0,1,,FEED,IMAGE,https://scontent-maa2-2.cdninstagram.com/v/t51.29350-15/317566814_1097291627604400_34011247453875198_n.webp?stp=dst-jpg&_nc_cat=101&ccb=1-7&_nc_sid=8ae9d6&_nc_ohc=-EuiApuK-O8AX-Pi0hw&_nc_ht=scontent-maa2-2.cdninstagram.com&edm=AEQ6tj4EAAAA&oh=00_AfBvPxI9fhHs_bRdrB7iX50fGwKJKokLhCK2hB-oZQoI0g&oe=646B9081,True,https://www.instagram.com/p/CljHXxyP1ZX/,2022-11-29 14:44:53+00:00,18267113311109353
"Rs.799 free shipping ‚ù§

Matte polish combo set ‚ù§

Online payment ‚ù§",0,5,,FEED,CAROUSEL_ALBUM,https://scontent-maa2-1.cdninstagram.com/v/t51.29350-15/317379721_1484868288661399_462048381021949360_n.webp?stp=dst-jpg&_nc_cat=106&ccb=1-7&_nc_sid=8ae9d6&_nc_ohc=jdGLLk7qmsQAX_or-5a&_nc_ht=scontent-maa2-1.cdninstagram.com&edm=AEQ6tj4EAAAA&oh=00_AfAS019SWBBdEL98I_PWaxafYX0i-TJLKwPbNSlqhzWVEw&oe=646A4C8D,True,https://www.instagram.com/p/CliJ_8gP8Zb/,2022-11-29 05:48:36+00:00,17987601010722757
"Customised calendar
Price - 360
Free shipping
Size - 10*15 inch

#rsgiftings",0,12,,FEED,IMAGE,https://scontent-maa2-1.cdninstagram.com/v/t51.29350-15/317508767_717812019473230_8448172242203139593_n.webp?stp=dst-jpg&_nc_cat=106&ccb=1-7&_nc_sid=8ae9d6&_nc_ohc=DU4W-HGt2EYAX8o_RR7&_nc_ht=scontent-maa2-1.cdninstagram.com&edm=AEQ6tj4EAAAA&oh=00_AfCKTYsSnhByCH1oMXAi_Xilx2k9aOVWgzJU29mz-mbhLw&oe=646B13B0,True,https://www.instagram.com/p/CliHASdvgfc/,2022-11-29 05:22:26+00:00,17961833420136174
"*FABRIC : SOFT LICHI SILK CLOTH.*

*DESIGN : BEAUTIFUL RICH PALLU & JACQUARD WORK ON ALL OVER THE SAREE.*

*BLOUSE 1 :-* RUNNING BLOUSE, BEAUTIFUL JACQUARD WEAVING WITH EXCLUSIVE BORDER
0.80meter UNSTITCHED

*BLOUSE 2 :-* BANGLORY SILK WITH HEAVY EMBROIDERY *WORK COMES ON FRONT ,BACK AND ALSO SLEEVE* (0.80 Meter UNSTITCHED)
*SLEEVE AND BACK OF BLOUSE ON ORGANZA. FABRICS*

 üòç *PRICE ONLY :  899/-* free ship *[ AFFORDABLE RATE]* üòç

 ‚û°Ô∏è *100% BEST QUALITY* ‚¨ÖÔ∏è

*NOTE :- OUR PRODUCT WEIGHT IS AROUND 700-800 gm DONT COMPARE OUR PRODUCT WITH LOW COPY ITEMS*

üëå *Once Give Opportunity , Coustomer Satisfaction Is Our Goal*",0,5,True,REELS,VIDEO,https://scontent-maa2-2.cdninstagram.com/o1/v/t16/f1/m82/A04600E21B98BE0C0A7552F094A8728D_video_dashinit.mp4?efg=eyJ2ZW5jb2RlX3RhZyI6InZ0c192b2RfdXJsZ2VuLjcyMC5jbGlwcyJ9&_nc_ht=scontent-maa2-2.cdninstagram.com&_nc_cat=100&vs=681541236973318_814035143&_nc_vs=HBksFQIYT2lnX3hwdl9yZWVsc19wZXJtYW5lbnRfcHJvZC9BMDQ2MDBFMjFCOThCRTBDMEE3NTUyRjA5NEE4NzI4RF92aWRlb19kYXNoaW5pdC5tcDQVAALIAQAVABgkR0trczdoTEVfV1hiTHJnQUFPZ1hQWThMWG9VcmJxX0VBQUFGFQICyAEAKAAYABsBiAd1c2Vfb2lsATEVAAAmyJTV3qmr8z8VAigCQzMsF0A6187ZFocrGBJkYXNoX2Jhc2VsaW5lXzFfdjERAHUAAA%3D%3D&ccb=9-4&oh=00_AfAkOC3bfjxzLUyrliMtWtozA7IQmslkobBmJYaU_Rx74A&oe=646773F9&_nc_sid=c07a80&_nc_rid=2b1bd5b228,True,https://www.instagram.com/reel/Clg0xR0ISqv/,2022-11-28 17:24:27+00:00,18082902151325220
"‚ù§Ô∏è Customised heart frame
üíú15*12 inch - 780
üñ§18*15 inch - 950
üíõ24*18 inch - 1099
üíöFree shipping
üíô17 photos needed

#rsgiftings",0,3,,FEED,CAROUSEL_ALBUM,https://scontent-maa2-1.cdninstagram.com/v/t51.29350-15/316879556_195601026297983_7837912663752523519_n.webp?stp=dst-jpg&_nc_cat=105&ccb=1-7&_nc_sid=8ae9d6&_nc_ohc=VxYWzTDL1NgAX8nBsqe&_nc_ht=scontent-maa2-1.cdninstagram.com&edm=AEQ6tj4EAAAA&oh=00_AfAv772lF09ngoVVQF9YvX9-U_mQqb5Du0qGkGzwcYlRkw&oe=646AFC34,True,https://www.instagram.com/p/ClbbuivvB9C/,2022-11-26 15:08:50+00:00,18199875610175746
"3 in 1 matte gold Shri Krishna combo set üíô

Combo price : 1399 free shipping

Online payment ‚úîÔ∏è",0,0,,FEED,IMAGE,https://scontent-maa2-1.cdninstagram.com/v/t51.29350-15/316802532_207364608398184_6667822870225249690_n.webp?stp=dst-jpg&_nc_cat=108&ccb=1-7&_nc_sid=8ae9d6&_nc_ohc=02iqq5fWCg0AX---sOV&_nc_ht=scontent-maa2-1.cdninstagram.com&edm=AEQ6tj4EAAAA&oh=00_AfCtEV_ypwvhVdoBffwyjmJHdlhTTsdIbVMqfPKreoJC_g&oe=646B73EC,True,https://www.instagram.com/p/ClbbZnFPnCL/,2022-11-26 15:05:58+00:00,18001967062530867
"Stylist latest trendy copper love saree

Saree Fabric: Art Silk

Blouse Fabric: Art Silk

Pattern: Zari Woven

Sizes: 
Free Size (Saree Length Size: 5.5 m, Blouse Length Size: 0.8 m) 

Price: Rs.650 only

Cash on delivery ‚úîÔ∏è
Free shipping ‚úîÔ∏è",0,11,,FEED,IMAGE,https://scontent-maa2-1.cdninstagram.com/v/t51.29350-15/316735634_824397758891506_3423079057076463789_n.webp?stp=dst-jpg&_nc_cat=106&ccb=1-7&_nc_sid=8ae9d6&_nc_ohc=r-RUUgwjNQEAX90e9_-&_nc_ht=scontent-maa2-1.cdninstagram.com&edm=AEQ6tj4EAAAA&oh=00_AfCZ6T4YtL5VAePpVYB5kWfYs12eIcSqLnnYfd7zvKdytg&oe=646A38EC,True,https://www.instagram.com/p/ClaYFXOPukC/,2022-11-26 05:17:45+00:00,18209019184201790
"Price : 2999 free shipping

Online payment ‚úîÔ∏è",0,1,,FEED,IMAGE,https://scontent-maa2-1.cdninstagram.com/v/t51.29350-15/316495963_694098358735727_8328162368272969705_n.webp?stp=dst-jpg&_nc_cat=102&ccb=1-7&_nc_sid=8ae9d6&_nc_ohc=9CSdEeyz7HgAX_KJCZ8&_nc_ht=scontent-maa2-1.cdninstagram.com&edm=AEQ6tj4EAAAA&oh=00_AfBsAPssXu8N4yQlHlrpk07TE-cwkSwEqWePKylVv23zjg&oe=646A761E,True,https://www.instagram.com/p/ClXv8sAvaVv/,2022-11-25 04:48:34+00:00,17943658433423263
"Led Heart Shape Cushion
15*15

Price - 450 free shipping 

Provide good quality pics for better output

#rsgiftings",0,6,,FEED,CAROUSEL_ALBUM,https://scontent-maa2-1.cdninstagram.com/v/t51.29350-15/316651356_836683480782101_5118196804568635411_n.webp?stp=dst-jpg&_nc_cat=108&ccb=1-7&_nc_sid=8ae9d6&_nc_ohc=o4GoYTXY_QkAX-hr0YE&_nc_ht=scontent-maa2-1.cdninstagram.com&edm=AEQ6tj4EAAAA&oh=00_AfCMK_1mEBbGWVB90xxmpjAzESJ0fyddOQeTlPbF_jxIig&oe=646B82EC,True,https://www.instagram.com/p/ClXvg70vbPC/,2022-11-25 04:44:46+00:00,17963409425098558
"‚ù§Ô∏è customised frame
üíú12*8 inch - 550
üñ§15*12 inch - 699
üíõ18*15 inch - 850
ü§ç free shipping 
üíôAny name or text can be customised

#rsgiftings",0,1,,FEED,CAROUSEL_ALBUM,https://scontent-maa2-2.cdninstagram.com/v/t51.29350-15/316578556_5728953363829981_4150135295621762755_n.webp?stp=dst-jpg&_nc_cat=111&ccb=1-7&_nc_sid=8ae9d6&_nc_ohc=xyvYhZZki9wAX96Xi26&_nc_ht=scontent-maa2-2.cdninstagram.com&edm=AEQ6tj4EAAAA&oh=00_AfDCuNTIawQ4Ff8V7qW9neaB-VR7Ltyl8LrA1wEXCNn9lA&oe=646AF410,True,https://www.instagram.com/p/ClVcZ5JPgGb/,2022-11-24 07:19:18+00:00,17943805472435867
"‚ù§Ô∏èEngraved moon lamp with wooden stand 
üíôPrice - 750
üíöfree shipping
üß°Size - 14 cms
üíú one pic+ one text can be added/ 2 pics can be added

#rsgiftings",0,1,True,REELS,VIDEO,https://scontent-maa2-2.cdninstagram.com/o1/v/t16/f1/m82/C649CBC903C9B22C42292CB25485A79D_video_dashinit.mp4?efg=eyJ2ZW5jb2RlX3RhZyI6InZ0c192b2RfdXJsZ2VuLjcyMC5jbGlwcyJ9&_nc_ht=scontent-maa2-2.cdninstagram.com&_nc_cat=106&vs=3165883327055082_2052609578&_nc_vs=HBksFQIYT2lnX3hwdl9yZWVsc19wZXJtYW5lbnRfcHJvZC9DNjQ5Q0JDOTAzQzlCMjJDNDIyOTJDQjI1NDg1QTc5RF92aWRlb19kYXNoaW5pdC5tcDQVAALIAQAVABgkR0ViUzRoS1BTZGw1eExVQUFMM3pHZzkzY3k4ZmJxX0VBQUFGFQICyAEAKAAYABsBiAd1c2Vfb2lsATEVAAAm%2BtvVmPj5nkAVAigCQzMsF0Asv3ztkWhzGBJkYXNoX2Jhc2VsaW5lXzFfdjERAHUAAA%3D%3D&ccb=9-4&oh=00_AfBLuvEUmDQoojdH2GDrfQDxZ2X8bgGCoB2POWUqQIAjxQ&oe=6467E304&_nc_sid=c07a80&_nc_rid=8f7cf6aa43,True,https://www.instagram.com/reel/ClTpK7xoW3v/,2022-11-23 14:32:44+00:00,17958331562280077
"*SitaRamam Sarees*

Pure Georget Sarees with all over Floral Print... Cutwork lace..... 

Pure Georget Blouse... With silver Pearls on it.... 

*Soft Fabric....Trendy Collections....Dont miss this Classic*

*Price*
*Saree with Unstitched Blouse piece of 1.5 mtrs: 1900+Ship*

*Saree with Stitched Blouse: 2550+Ship*

*Kindly Give us Enough time for Customization*

*Keep Shopping*
*Happy Selling*
*Take Open Orders*
*Multiples Available*

*For Stitched Blouse give us Proper Measurements of Customer... and enough time*",0,9,True,REELS,VIDEO,,True,https://www.instagram.com/reel/ClTMImHqW4u/,2022-11-23 10:19:10+00:00,17975486290880936
"*SitaRamam Sarees*

Pure Georget Sarees with all over Floral Print... Cutwork lace..... 

Pure Georget Blouse... With silver Pearls on it.... 

*Soft Fabric....Trendy Collections....Dont miss this Classic*

*Price*
*Saree with Unstitched Blouse piece of 1.5 mtrs: 1900+Ship*

*Saree with Stitched Blouse: 2550+Ship*

*Kindly Give us Enough time for Customization*

*Keep Shopping*
*Happy Selling*
*Take Open Orders*
*Multiples Available*

*For Stitched Blouse give us Proper Measurements of Customer... and enough time*",0,4,True,REELS,VIDEO,https://scontent-maa2-2.cdninstagram.com/o1/v/t16/f1/m82/6542E02F98D7164F302EF421D83C378A_video_dashinit.mp4?efg=eyJ2ZW5jb2RlX3RhZyI6InZ0c192b2RfdXJsZ2VuLjcyMC5jbGlwcyJ9&_nc_ht=scontent-maa2-2.cdninstagram.com&_nc_cat=108&vs=461392609369998_758178527&_nc_vs=HBksFQIYT2lnX3hwdl9yZWVsc19wZXJtYW5lbnRfcHJvZC82NTQyRTAyRjk4RDcxNjRGMzAyRUY0MjFEODNDMzc4QV92aWRlb19kYXNoaW5pdC5tcDQVAALIAQAVABgkR0RGcDRoTFdhMmJuZDg0Q0FQNkRDM09iTXRjdmJxX0VBQUFGFQICyAEAKAAYABsBiAd1c2Vfb2lsATEVAAAmmPj34M3T0z8VAigCQzMsF0A710vGp%2B%2BeGBJkYXNoX2Jhc2VsaW5lXzFfdjERAHUAAA%3D%3D&ccb=9-4&oh=00_AfBlR-nt-xO234NuNQVojIDsqdeg7BABSHT5hszh_IuADg&oe=64675BD9&_nc_sid=c07a80&_nc_rid=61f99692bf,True,https://www.instagram.com/reel/ClTLwu2oM1j/,2022-11-23 10:16:35+00:00,17933630309425956
"*FABRIC : SOFT LICHI SILK CLOTH.*

*DESIGN : BEAUTIFUL RICH PALLU & JACQUARD WORK ON ALL OVER THE SAREE.*

*BLOUSE : CONTRAST EXCLUSIVE JACQUARD BORDER.*

 üòç *Price :  549 free shipping* üòç

 ‚û°Ô∏è *100% BEST QUALITY* ‚¨ÖÔ∏è

üëå *Once Give Opportunity , Coustomer Satisfaction Is Our Goal*",0,2,True,REELS,VIDEO,https://scontent-maa2-2.cdninstagram.com/o1/v/t16/f1/m82/7440B7C403C1E536375B18444261CFAB_video_dashinit.mp4?efg=eyJ2ZW5jb2RlX3RhZyI6InZ0c192b2RfdXJsZ2VuLjcyMC5jbGlwcyJ9&_nc_ht=scontent-maa2-2.cdninstagram.com&_nc_cat=102&vs=1008326913269062_2328575283&_nc_vs=HBksFQIYT2lnX3hwdl9yZWVsc19wZXJtYW5lbnRfcHJvZC83NDQwQjdDNDAzQzFFNTM2Mzc1QjE4NDQ0MjYxQ0ZBQl92aWRlb19kYXNoaW5pdC5tcDQVAALIAQAVABgkR09NQzRSTHJMRklUNWFvQkFNVFFPQkJBbDNNQmJxX0VBQUFGFQICyAEAKAAYABsBiAd1c2Vfb2lsATEVAAAm4saXsdG75T8VAigCQzMsF0BGCTdLxqfwGBJkYXNoX2Jhc2VsaW5lXzFfdjERAHUAAA%3D%3D&ccb=9-4&oh=00_AfDK5sGdRYosDfmA5FfHvw-U034IDbaW_fSEfnfjcIho2A&oe=6467DD5D&_nc_sid=c07a80&_nc_rid=508cd716ef,True,https://www.instagram.com/reel/ClRXsUyorXG/,2022-11-22 17:21:44+00:00,17973244273822527
"‚ù§Ô∏è Customised heart resin art 
‚ù§Ô∏èPrice - 799
‚ù§Ô∏èSize - 6 inch 
‚ù§Ô∏èFree shipping 
‚ù§Ô∏è Delivery time 10-15 business days

#rsgiftings",0,4,True,REELS,VIDEO,,True,https://www.instagram.com/reel/ClQUJQMoNvQ/,2022-11-22 07:32:38+00:00,18137788642304306
"Women Jumpsuits

Fabric: Georgette

Sleeve Length: Sleeveless

Pattern: Solid

Sizes: 
S (Bust Size: 34 in, Length Size: 50 in, Waist Size: 32 in) 
M (Bust Size: 36 in, Length Size: 50 in, Waist Size: 34 in) 
L (Bust Size: 38 in, Length Size: 50 in, Waist Size: 36 in) 
XL (Bust Size: 40 in, Length Size: 50 in, Waist Size: 38 in) 

Rs.650 only

Cash on delivery ‚úîÔ∏è
Free shipping ‚úîÔ∏è",0,6,,FEED,IMAGE,https://scontent-maa2-1.cdninstagram.com/v/t51.29350-15/316367237_411867037698027_3667311663640285563_n.webp?stp=dst-jpg&_nc_cat=108&ccb=1-7&_nc_sid=8ae9d6&_nc_ohc=KCqHHUlr_toAX_DouXE&_nc_ht=scontent-maa2-1.cdninstagram.com&edm=AEQ6tj4EAAAA&oh=00_AfAAw-49nROXzvnFTcAqxQ9SjTIRyil1VMHmyhyBIuU8Mw&oe=646A0E3D,True,https://www.instagram.com/p/ClQT36kvVw1/,2022-11-22 07:28:34+00:00,17982466645696087
"‚ù§Ô∏èHeart puzzle box
üß°Price - 450
üíöFree shipping
üíô Approx 70-100 piece

#rsgiftings",0,3,True,REELS,VIDEO,https://scontent-maa2-2.cdninstagram.com/o1/v/t16/f1/m82/2F44A7ECF16B9BB76825267490D79CB6_video_dashinit.mp4?efg=eyJ2ZW5jb2RlX3RhZyI6InZ0c192b2RfdXJsZ2VuLjcyMC5jbGlwcyJ9&_nc_ht=scontent-maa2-2.cdninstagram.com&_nc_cat=110&vs=828395574874151_2373230888&_nc_vs=HBksFQIYT2lnX3hwdl9yZWVsc19wZXJtYW5lbnRfcHJvZC8yRjQ0QTdFQ0YxNkI5QkI3NjgyNTI2NzQ5MEQ3OUNCNl92aWRlb19kYXNoaW5pdC5tcDQVAALIAQAVABgkR0pPZzJCSnp4TENDOGlFQ0FKMldNSGpJMVFOUmJxX0VBQUFGFQICyAEAKAAYABsBiAd1c2Vfb2lsATEVAAAm1tCdt7q78j8VAigCQzMsF0A203S8an76GBJkYXNoX2Jhc2VsaW5lXzFfdjERAHUAAA%3D%3D&ccb=9-4&oh=00_AfBUTn7vtYyx-3WXtZNmbu2-6S-Ycnr9_oTn9eju6gEUSA&oe=6467D02B&_nc_sid=c07a80&_nc_rid=395d203c41,True,https://www.instagram.com/reel/ClG5IMVI4sg/,2022-11-18 15:42:17+00:00,17954472386224338
"*‚ù§Ô∏èPRESERNTING NEW EMBROIDERY 5mm SEQUENCE WORK LAHENGA CHOLI WITH DUPATTA*

*üíÉCODE :- DHK-1135üíÉ*

*üßµüß∂FABRIC DETAILSüßµüß∂*

 *üëóLehengeüëó*
üëâ*FABRICE* :- Heavy Fox Georgette 
üëâ*WORK* :- Heavy Embroidery 5mm Sequence Work 
üëâ*INNER* :- Micro Cotton 

 *üëóCHOLI üëó*
üëâ*FABRICE* :- Heavy Fox Georgette 
üëâ*WORK* :- Heavy Embroidery 5mm Sequence Work 
üëç*SLEEVE* :- Short Sleeve With Embroidery Sequence Work 

 *üëó DUPATTAüëó*
üëâ*FABRICE* :- Heavy Butterfly Net 
üëâ*WORK* :- Heavy Embroidery 5mm Sequence Work With Fancy Lace Border 

*üëâPRICE :- 1250/- Onlyüëà*

*üö®BASIC DETAILSüö®*

*‚ú®Lehenga* :- Semi Stitched
*‚ú®Lehenga Length* :- 42-44 Inc
*‚ú®Lehenga Flair* :- 3 MTR Flair 
*‚ú® Dupatta Length* :- 2.1 MTR 
*‚ú®Blouse* :- 1 Mtr Fabric Unstitched",0,2,,FEED,CAROUSEL_ALBUM,https://scontent-maa2-1.cdninstagram.com/v/t51.29350-15/315756034_1307367896695203_3019339195501653483_n.webp?stp=dst-jpg&_nc_cat=110&ccb=1-7&_nc_sid=8ae9d6&_nc_ohc=3vllwHdm3s4AX9G2_6O&_nc_ht=scontent-maa2-1.cdninstagram.com&edm=AEQ6tj4EAAAA&oh=00_AfCML-BVNX3u-EsC89KmaHOqTTzgSBzNkQ0-wRfMwmqlgg&oe=646B0D00,True,https://www.instagram.com/p/ClEZeaPP8BE/,2022-11-17 16:26:37+00:00,17965389296058161
"Couples Outfit for black lovers üñ§

Rs.599 only üñ§

Direct dealing with manufacturers and wholesalers üñ§

Cash on delivery üñ§

Free shipping üñ§",2,5,,FEED,IMAGE,https://scontent-maa2-1.cdninstagram.com/v/t51.29350-15/315998947_799621377775207_4102499243863313802_n.webp?stp=dst-jpg&_nc_cat=106&ccb=1-7&_nc_sid=8ae9d6&_nc_ohc=hxRG6RM38ocAX8-Kdla&_nc_ht=scontent-maa2-1.cdninstagram.com&edm=AEQ6tj4EAAAA&oh=00_AfARIqgetCsnd6MhWlWpAhaGRbnGJgvhCT2bhWX2PVKffA&oe=646B35E4,True,https://www.instagram.com/p/ClEYK1cv2pa/,2022-11-17 16:15:13+00:00,17877074963727910
"Rs.950 free shipping ‚ù§

Premium quality combo set ‚ù§

Online payment ‚ù§",0,3,,FEED,CAROUSEL_ALBUM,https://scontent-maa2-1.cdninstagram.com/v/t51.29350-15/315961922_664756401995838_399428841260765876_n.webp?stp=dst-jpg&_nc_cat=100&ccb=1-7&_nc_sid=8ae9d6&_nc_ohc=UGTy7cQDJQEAX-zAqS2&_nc_ht=scontent-maa2-1.cdninstagram.com&edm=AEQ6tj4EAAAA&oh=00_AfDXszQpTVnWoUljUGN9xdm2RaBuo2Px6tBFDzIDZGiUpQ&oe=646BE4A6,True,https://www.instagram.com/p/ClDYeRIPoUm/,2022-11-17 06:58:37+00:00,17934764279397100
"Pretty Elegant Women Dresses

Fabric: Crepe

Sleeve Length: Three-Quarter Sleeves

Pattern: Printed

Sizes:
S (Bust Size: 36 in, Length Size: 41 in) 
M (Bust Size: 38 in, Length Size: 41 in) 
L (Bust Size: 40 in, Length Size: 41 in) 
XL (Bust Size: 42 in, Length Size: 41 in) 
XXL (Bust Size: 44 in, Length Size: 41 in) 

Price: Rs.399 only

Cash on delivery ‚úîÔ∏è
Free shipping ‚úîÔ∏è",0,5,,FEED,IMAGE,https://scontent-maa2-2.cdninstagram.com/v/t51.29350-15/315907539_597642715384919_2687171340306153433_n.webp?stp=dst-jpg&_nc_cat=111&ccb=1-7&_nc_sid=8ae9d6&_nc_ohc=rEJIMRxFzn0AX-KzSKy&_nc_ht=scontent-maa2-2.cdninstagram.com&edm=AEQ6tj4EAAAA&oh=00_AfBR6-hLfihrur0QSTKCyvN47AbYnLgTwtC9SNQ41etlMw&oe=646A4F8D,True,https://www.instagram.com/p/ClC989DPOQR/,2022-11-17 03:06:53+00:00,18190286521234514
"Nayanthara Sarees

Saree Fabric: Georgette

Blouse Fabric: Art Silk

Pattern: Embellished

PRESENTING YOU MOST BEAUTIFUL DIAMAND CHOKDI SEQUENCE SAREE 

Sizes: 
Free Size (Saree Length Size: 5.5 m, Blouse Length Size: 0.8 m) 

Price: Rs.750 only

Cash on delivery‚úîÔ∏è
Free shippingtwo‚úîÔ∏è",0,8,,FEED,IMAGE,https://scontent-maa2-1.cdninstagram.com/v/t51.29350-15/315560681_688820196032061_6403455650500282813_n.webp?stp=dst-jpg&_nc_cat=102&ccb=1-7&_nc_sid=8ae9d6&_nc_ohc=NGa4_fBQST4AX9kLKtF&_nc_ht=scontent-maa2-1.cdninstagram.com&edm=AEQ6tj4EAAAA&oh=00_AfDgWJ3cPi0984Jy1CXmNcxLF84FcYrsVuPN8x1KZ_4GPQ&oe=646B8C03,True,https://www.instagram.com/p/ClAlezEvc5F/,2022-11-16 04:54:34+00:00,17981151322738874
"*1299+$* CS

Description- soft grey linen saree with silver zari weaving pattu border.
Cotton tassels on pallu 
Blouse- soft phantom silk with allover silver zari and sequenced emboridery.

Length- 
Saree- 5.5 meter 
Blouse- 1 meter

Online payment ‚úîÔ∏è",0,6,,FEED,CAROUSEL_ALBUM,https://scontent-maa2-2.cdninstagram.com/v/t51.29350-15/315229650_1171439380168763_5978496409489107260_n.webp?stp=dst-jpg&_nc_cat=103&ccb=1-7&_nc_sid=8ae9d6&_nc_ohc=r4pIeBBi3yMAX-o7Trm&_nc_ht=scontent-maa2-2.cdninstagram.com&edm=AEQ6tj4EAAAA&oh=00_AfB1UqI5c2tZdBaqV9yTY36Phby7tuV1dsgc0_QHcHvD0g&oe=646B7785,True,https://www.instagram.com/p/Ck4xRaKP4-l/,2022-11-13 04:03:40+00:00,17931081647535356
"Jenica ‚Ä¶D Hit pcs of D Morgan fabulous heavy pattu with richness of self weave ‚Ä¶glassy finish ‚Ä¶excellent wedding combination with rich pallu n rich blouse @ 1399 rs free shipping‚Ä¶stocks ready to dispatch

Online payment ‚ù§",0,3,,FEED,IMAGE,https://scontent-maa2-2.cdninstagram.com/v/t51.29350-15/315063590_173910068644120_8226263080045518840_n.webp?stp=dst-jpg&_nc_cat=104&ccb=1-7&_nc_sid=8ae9d6&_nc_ohc=CVjrMq3DGMAAX9OhI08&_nc_ht=scontent-maa2-2.cdninstagram.com&edm=AEQ6tj4EAAAA&oh=00_AfCcOZAjZdBN_Sx5w0WAdnIW8pkh8eQxVccp8AdVcyklTQ&oe=646ACD15,True,https://www.instagram.com/p/Ck3BmIfvBWk/,2022-11-12 11:47:50+00:00,17971210846800060
"Premium quality necklace with jhumka ‚ù§

Rs.1699 free shipping ‚ù§

Online payment ‚ù§",0,0,True,REELS,VIDEO,,True,https://www.instagram.com/reel/Ck2iUOKIYKX/,2022-11-12 07:15:05+00:00,18230458432158258
"üíüüíüüíüüíüüíüüíüüíüüíüüíüüíüüíü

*Kids wellgrow Dhoti*

Shirt Fabric: Synthetic
Dhoti Fabric: PURE SILK TYPE 
Dhoti Pattern: Zari Woven
Thund Pattern: Zari Woven
*1st quality double  dhotis*

*Age 1-5 = 699+$*
*Age 6-10 = 749+$*

üíüüíüüíüüíüüíüüíüüíüüíüüíüüíüüíü",0,1,,FEED,CAROUSEL_ALBUM,https://scontent-maa2-1.cdninstagram.com/v/t51.29350-15/315057959_218927980468460_572892822890720499_n.webp?stp=dst-jpg&_nc_cat=108&ccb=1-7&_nc_sid=8ae9d6&_nc_ohc=cdqJjc7xNiAAX_-9yIc&_nc_ht=scontent-maa2-1.cdninstagram.com&edm=AEQ6tj4EAAAA&oh=00_AfB_Yp1i1ZRP5BPuxbkEHSYsWjk2aINWngJZzMlAvX8P5A&oe=646BEA74,True,https://www.instagram.com/p/CkylECjPlPc/,2022-11-10 18:21:33+00:00,18299683615079692
"*Unique Collection*üéâüéâüéâüéâüéâüéâüéâüéâ

Material:- Cotton khadi Linen Silk Saree nd Alluring Embroidery Work *Blouse*  with  Designer Work *Hip Belt* üéâüéâüéâüéâüéâüéâüéâüéâüéâüéâüéâüéâüéâüéâüéâüéâ

*üíØ% fine and first Quality*

Price :- *890*+$

Best Sellersüéâüéâüéâüéâüéâüéâüéâüéâüéâüéâüéâüéâüéâüéâ

*Ready to dispatch..!!*",0,7,,FEED,CAROUSEL_ALBUM,https://scontent-maa2-2.cdninstagram.com/v/t51.29350-15/314788722_455389446702566_7006700101098104751_n.webp?stp=dst-jpg&_nc_cat=111&ccb=1-7&_nc_sid=8ae9d6&_nc_ohc=-9LTLFnezWMAX-M-Qhd&_nc_ht=scontent-maa2-2.cdninstagram.com&edm=AEQ6tj4EAAAA&oh=00_AfAc6E0j_pay3rawMtDYDtRPR9dF9I2bDYF41svlN91YdA&oe=646B1942,True,https://www.instagram.com/p/Ckykp8YPSMM/,2022-11-10 18:17:59+00:00,17960166242120781
"Attractive Cotton Linen Sarees

Saree Fabric: Cotton Linen

Blouse Fabric: Cotton Linen

Pattern: Printed

Each piece is elegantly crafted and will surely add to your wardrobe. Pair this piece with heels or flats for a graceful look.

Sizes: 
Free Size (Saree Length Size: 5.5 m, Blouse Length Size: 0.8 m) 

Price: Rs.1099 only

Cash on delivery ‚úîÔ∏è
Free shipping ‚úîÔ∏è",0,1,,FEED,IMAGE,https://scontent-maa2-1.cdninstagram.com/v/t51.29350-15/314912840_663502062099780_363783581373929063_n.webp?stp=dst-jpg&_nc_cat=102&ccb=1-7&_nc_sid=8ae9d6&_nc_ohc=GKnirBFe4EAAX_7dBq-&_nc_ht=scontent-maa2-1.cdninstagram.com&edm=AEQ6tj4EAAAA&oh=00_AfCrjYYTtzwW2Tb0ilrfU2kSGjG9JwHilp_-vAXs-Wu24w&oe=646A7B1D,True,https://www.instagram.com/p/Ckxeaw2PFRn/,2022-11-10 08:04:15+00:00,17976779434712979
"*Rate - 850/-+Ship üòç*

Introducing New Gown For Party Wear
‚ô•Ô∏è‚ô•Ô∏èJC117‚ô•Ô∏è‚ô•Ô∏è
üñ§‚ù§Ô∏èüíôüíöüíóüíúüíõ‚ù§Ô∏è
FABRIC DETAIL
Top Fabric -This elegant cotton dress gets a modern upgrade with a mandarin collar. The border with the zipper gives it a contemporary look

Length - 54' inch

Size - M L XL XXL XXXL

stylish neck pattern with attractive golden zip

NOTE:NO DIGITAL PRINT 

üéÄ Stylish 7 Color üéÄ 

Ready To Dispatch
Be Happy With Quality",0,7,,FEED,CAROUSEL_ALBUM,https://scontent-maa2-1.cdninstagram.com/v/t51.29350-15/314808989_148794667863547_6809174205477173323_n.webp?stp=dst-jpg&_nc_cat=106&ccb=1-7&_nc_sid=8ae9d6&_nc_ohc=K4CJcUiON5wAX9Z5VcL&_nc_ht=scontent-maa2-1.cdninstagram.com&edm=AEQ6tj4EAAAA&oh=00_AfBggQ-60AV86-39y8Vr7diOOBnHSdhg7aLtykrgid9puw&oe=646B600A,True,https://www.instagram.com/p/Cku8MwTP2I_/,2022-11-09 08:26:45+00:00,17949876137507833
"Woven Banarasi Art Silk, Jacquard Saree

Pattern: Zari Woven

Saree Fabric : Kanjivaram Pur Lichi Silk 

Blouse Fabric : Silk, Saree Length 5.5 Meter,Blouse Length : 0.8 Meter

Work : Banarasi Jacquard Woven Zari Work 

Style : BAnarasi Pure Soft Style Saree 

Care Instruction : Machine And Normal Hand Wash Best Seller Bollywood Stylish Budget Designer Banarasi silk sari Beautiful Hot Bhagalpuri Banarasi Gorgeous International Fashion Indian Traditional Heavy Work, Party Wear, Gujarati patola

Rs.750 only

Cash on delivery ‚úîÔ∏è
Free shipping ‚úîÔ∏è",0,2,,FEED,IMAGE,https://scontent-maa2-1.cdninstagram.com/v/t51.29350-15/314662082_3385123765066967_2206168927633689578_n.webp?stp=dst-jpg&_nc_cat=106&ccb=1-7&_nc_sid=8ae9d6&_nc_ohc=k140soHQzRQAX8uYDjS&_nc_ht=scontent-maa2-1.cdninstagram.com&edm=AEQ6tj4EAAAA&oh=00_AfBAJkHGRHA8H_0joGK-5dT0kp8BYnVZ6P9MMQXcuMnU3Q&oe=646AFBA0,True,https://www.instagram.com/p/Ckukn7OvlYT/,2022-11-09 05:00:45+00:00,17973883303870178
"Premium quality combo set ‚ù§

Rs.1199 free shipping ‚ù§

Online payment ‚ù§",0,2,,FEED,IMAGE,https://scontent-maa2-1.cdninstagram.com/v/t51.29350-15/314473274_876613096662709_4389661259311683940_n.webp?stp=dst-jpg&_nc_cat=102&ccb=1-7&_nc_sid=8ae9d6&_nc_ohc=prHueGnkepIAX_PA9oz&_nc_ht=scontent-maa2-1.cdninstagram.com&edm=AEQ6tj4EAAAA&oh=00_AfAcpRkTyY9Yn5vxDlYWXtSd1uT0WuMOT47fjPbWlqSZRw&oe=646A16E4,True,https://www.instagram.com/p/CktTrMDvOCl/,2022-11-08 17:13:24+00:00,18046425853374710
"*Rs.899+$*

Material : Silk Farm Yarnsüòçüëå

Online payment ‚úîÔ∏è",0,5,,FEED,CAROUSEL_ALBUM,https://scontent-maa2-1.cdninstagram.com/v/t51.29350-15/314848769_193662383196736_68810900640252630_n.webp?stp=dst-jpg&_nc_cat=100&ccb=1-7&_nc_sid=8ae9d6&_nc_ohc=MxjOWmh903UAX9k5b34&_nc_ht=scontent-maa2-1.cdninstagram.com&edm=AEQ6tj4EAAAA&oh=00_AfAqkMfVtv0k-J19aYckNkVZE-FhI3X5AXpK4a_R-dRIog&oe=646A4189,True,https://www.instagram.com/p/CksXCQmvydE/,2022-11-08 08:23:32+00:00,17951357285262522
"Urbane Fashionista Women Gowns

Fabric: Banarasi Silk

Sleeve Length: Long Sleeves

Pattern: Zari Woven

Sizes:
XS, S (Bust Size: 36 in, Length Size: 55 in) 
M (Bust Size: 38 in, Length Size: 55 in) 
L (Bust Size: 40 in, Length Size: 55 in) 
XL (Bust Size: 42 in, Length Size: 55 in) 
XXL (Bust Size: 44 in, Length Size: 55 in) 

Price: Rs.1399 only

Cash on delivery ‚úîÔ∏è
Free shipping ‚úîÔ∏è",0,3,,FEED,IMAGE,https://scontent-maa2-2.cdninstagram.com/v/t51.29350-15/314404029_1484745145341234_5081693721200746591_n.webp?stp=dst-jpg&_nc_cat=103&ccb=1-7&_nc_sid=8ae9d6&_nc_ohc=ebMsBAAyPuUAX8GJS8G&_nc_ht=scontent-maa2-2.cdninstagram.com&edm=AEQ6tj4EAAAA&oh=00_AfDAG5o7RbFbFCJTtnom2Rkln3t-9ZA4FxS7xWpnsjcW5g&oe=646BDCBF,True,https://www.instagram.com/p/CkrrNpDPy9m/,2022-11-08 02:00:36+00:00,18255715234136382
"*‚Çπ.1650+shipp*

Launching pure superb softy kuberpattu with rich Copper silk zari with self blouse with very hit design of softy

Material - Copper kuberpattu rich

Online payment ‚úîÔ∏è",0,2,,FEED,CAROUSEL_ALBUM,https://scontent-maa2-2.cdninstagram.com/v/t51.29350-15/314464959_809235543699759_6144037847984885240_n.webp?stp=dst-jpg&_nc_cat=107&ccb=1-7&_nc_sid=8ae9d6&_nc_ohc=wiNoRTkt6L0AX_Y6dMQ&_nc_ht=scontent-maa2-2.cdninstagram.com&edm=AEQ6tj4EAAAA&oh=00_AfDLVADfNhn0R-MPumgaiQU4rP68bUkmt6kRZLn9VXTq9g&oe=646A9344,True,https://www.instagram.com/p/CkqmwTyveia/,2022-11-07 16:02:24+00:00,17960420315084471
"AD stone semi - bridal set ‚ù§

Rs.3699 free shipping

Online payment ‚úîÔ∏è",0,3,,FEED,IMAGE,https://scontent-maa2-1.cdninstagram.com/v/t51.29350-15/314396068_453947653314729_3390833880086838734_n.webp?stp=dst-jpg&_nc_cat=100&ccb=1-7&_nc_sid=8ae9d6&_nc_ohc=acyBDeSjN3YAX8WaXLK&_nc_ht=scontent-maa2-1.cdninstagram.com&edm=AEQ6tj4EAAAA&oh=00_AfAhZvVxv3Byrk4F_FMQKfYql45d7LiThlBkTnKFNpLCUw&oe=646A7129,True,https://www.instagram.com/p/CkqlklHPMIK/,2022-11-07 15:52:04+00:00,18262006816100099
"Beautiful couples outfit for black & checked lovers üñ§

Rs.850 only üñ§

Direct dealing with wholesalers & manufacturers üñ§

Cash on delivery üñ§

Free shipping üñ§",0,4,True,REELS,VIDEO,https://scontent-maa2-2.cdninstagram.com/o1/v/t16/f1/m82/6845CF97714C9A32A6F5FF91DCD17E90_video_dashinit.mp4?efg=eyJ2ZW5jb2RlX3RhZyI6InZ0c192b2RfdXJsZ2VuLjcyMC5jbGlwcyJ9&_nc_ht=scontent-maa2-2.cdninstagram.com&_nc_cat=108&vs=815142669645934_1482446104&_nc_vs=HBksFQIYT2lnX3hwdl9yZWVsc19wZXJtYW5lbnRfcHJvZC82ODQ1Q0Y5NzcxNEM5QTMyQTZGNUZGOTFEQ0QxN0U5MF92aWRlb19kYXNoaW5pdC5tcDQVAALIAQAVABgkR01ZOHZSS0hMMXB0MWRvQ0FLZFRRYkN2UzRJMGJxX0VBQUFGFQICyAEAKAAYABsBiAd1c2Vfb2lsATEVAAAmpPb87NCA2j8VAigCQzMsF0AuO%2Bdsi0OWGBJkYXNoX2Jhc2VsaW5lXzFfdjERAHUAAA%3D%3D&ccb=9-4&oh=00_AfBPoTeRV69_nhZ7Fl5q5sZCDZHEJAxe523cO6rLWldJKw&oe=6467F2F8&_nc_sid=c07a80&_nc_rid=52711f9264,True,https://www.instagram.com/reel/CkqNT8HIvpC/,2022-11-07 12:29:32+00:00,18183760429223536
"*Buy 1 @ ‚Çπ.999 free shipping*

*Buy 2 @ ‚Çπ.1799 free shipping*

Kora muslin saree with zari border and  Woven Pallu and Blouse CS

Saree - 5.5 mtr
Blouse - 85 cm

Online payment ‚úîÔ∏è",0,3,True,REELS,VIDEO,,True,https://www.instagram.com/reel/CkpHTk-oEPq/,2022-11-07 02:09:02+00:00,17972997217853191
"*Buy 1 @ ‚Çπ.999 free shipping*

*Buy 2 @ ‚Çπ.1799 free shipping*

Kora muslin saree with zari border and  Woven Pallu and Blouse CS

Saree - 5.5 mtr
Blouse - 85 cm

Online payment ‚úîÔ∏è",0,3,,FEED,CAROUSEL_ALBUM,https://scontent-maa2-2.cdninstagram.com/v/t51.29350-15/314495027_175160528512009_5883384216665023693_n.webp?stp=dst-jpg&_nc_cat=107&ccb=1-7&_nc_sid=8ae9d6&_nc_ohc=0p21S3kkyuIAX_99NQn&_nc_ht=scontent-maa2-2.cdninstagram.com&edm=AEQ6tj4EAAAA&oh=00_AfAjhQS0VRHP_BXTuzRY-UiwFCbuCXcphuSMmcIB9_ayGQ&oe=646A4719,True,https://www.instagram.com/p/CkpG9BLPffB/,2022-11-07 02:05:17+00:00,17914880591635911
"Full bridal set - Premium quality

Rs.1699 free shipping

Online payment ‚úîÔ∏è",0,3,True,REELS,VIDEO,,True,https://www.instagram.com/reel/Ckn0t-ZI5sx/,2022-11-06 14:07:42+00:00,18220850923094856
"Rs.950 free shipping

Online payment ‚úîÔ∏è",0,2,,FEED,CAROUSEL_ALBUM,https://scontent-maa2-2.cdninstagram.com/v/t51.29350-15/314335159_457071576529849_8416922776617851552_n.jpg?_nc_cat=104&ccb=1-7&_nc_sid=8ae9d6&_nc_ohc=rb3vjGb8nrMAX-r7QsE&_nc_ht=scontent-maa2-2.cdninstagram.com&edm=AEQ6tj4EAAAA&oh=00_AfCc1HY-YJCVTPLM1WXulY8V6nH-KkC6MzkW04CEqPlJQA&oe=646BC177,True,https://www.instagram.com/p/Cknz8xWPaWW/,2022-11-06 13:59:59+00:00,18326897794021403
"White happy 1 Dresses

Fabric: Satin

Sleeve Length: Three-Quarter Sleeves

Sizes: M, L, XL, XXL

Price: Rs.599 only

Cash on delivery‚úîÔ∏è
Free shipping‚úîÔ∏è",0,0,,FEED,IMAGE,https://scontent-maa2-2.cdninstagram.com/v/t51.29350-15/314216998_802634627815130_2889849248459784821_n.webp?stp=dst-jpg&_nc_cat=101&ccb=1-7&_nc_sid=8ae9d6&_nc_ohc=QJl5lJWuuz0AX8vT71H&_nc_ht=scontent-maa2-2.cdninstagram.com&edm=AEQ6tj4EAAAA&oh=00_AfB5j8WE1lb9Zn_S_WpFWSkq3zyIYU6rhle9-EUVRR_RJg&oe=646AD934,True,https://www.instagram.com/p/CknnBsBPwXH/,2022-11-06 12:07:03+00:00,18253344172189016
"Indian quality wallet
Price - 450
Free shipping
1 name + 1 charm

#rsgiftings",0,4,,FEED,CAROUSEL_ALBUM,https://scontent-maa2-1.cdninstagram.com/v/t51.29350-15/314403669_704574677263693_75442647046001151_n.jpg?_nc_cat=108&ccb=1-7&_nc_sid=8ae9d6&_nc_ohc=07gZWRpxu3UAX-q8iZO&_nc_ht=scontent-maa2-1.cdninstagram.com&edm=AEQ6tj4EAAAA&oh=00_AfC5Mg7_rvFm4_kRKyVLiz3cypa5-z55YgKYb6VaWe5RUA&oe=646AA5DE,True,https://www.instagram.com/p/CknBfwvPibi/,2022-11-06 06:39:07+00:00,17966539231844139
"Beautiful women Yellow kurta set

Kurta Fabric: Viscose Rayon

Bottomwear Fabric: Rayon

Sleeve Length: Sleeveless

Set Type: Kurta With Bottomwear

Sizes: M, L, XL, XXL

Price: Rs.650 only

Cash on delivery ‚úîÔ∏è
Free shipping ‚úîÔ∏è",0,2,,FEED,IMAGE,https://scontent-maa2-1.cdninstagram.com/v/t51.29350-15/313930336_1275686853257004_3645323211111156997_n.webp?stp=dst-jpg&_nc_cat=108&ccb=1-7&_nc_sid=8ae9d6&_nc_ohc=A8p__TyU1DAAX9Q6bL-&_nc_ht=scontent-maa2-1.cdninstagram.com&edm=AEQ6tj4EAAAA&oh=00_AfA4NHBsgnkGfd9TLQFrjkhA8g8x3v6CC9iAXyDRDypAig&oe=646AC1A4,True,https://www.instagram.com/p/Ckm3rUlv9_G/,2022-11-06 05:13:19+00:00,17954449406184209
"*COUPLE  COMBO HALF SLEEV SHIRT WITH KURTI*

FABRICS DETAIL 
MEN AND WOMEN BOTH FABRICS SLUB COTTAN 

SIZE 
M(38),L(40),XL(42), XXL(44)

*RATE :- 1050/-* + ship

MEN SINGAL  599-/ + ship
WOMEN SINGAL  799-/ + ship

BE HAPPY WITH QUALITY 
BOOK FAST
NO POCKET ON KURTI",0,7,,FEED,CAROUSEL_ALBUM,https://scontent-maa2-2.cdninstagram.com/v/t51.29350-15/313935446_803876657394694_5786589484094568821_n.jpg?_nc_cat=107&ccb=1-7&_nc_sid=8ae9d6&_nc_ohc=p-WssKPkivgAX-_JfQg&_nc_ht=scontent-maa2-2.cdninstagram.com&edm=AEQ6tj4EAAAA&oh=00_AfCiO1J2VR7IbmRjT2xO3PsdJoJ4AvO1Svc62tpD0cvY-A&oe=646AD20B,True,https://www.instagram.com/p/CklDwSSP37f/,2022-11-05 12:20:22+00:00,18153969970274008
"‚ú®Premium quality combo set‚ù§

Price : 1599 free shipping",0,4,,FEED,IMAGE,https://scontent-maa2-1.cdninstagram.com/v/t51.29350-15/314447590_3575373196029112_8348330333595928294_n.webp?stp=dst-jpg&_nc_cat=106&ccb=1-7&_nc_sid=8ae9d6&_nc_ohc=bjnu1mEvk0YAX9DFeEF&_nc_ht=scontent-maa2-1.cdninstagram.com&edm=AEQ6tj4EAAAA&oh=00_AfDXDfeKMXUYwF8ku9KZjHbl6Kguv0ObUe0rqhimaUcdHg&oe=646A4652,True,https://www.instagram.com/p/Ckku7dtP4WU/,2022-11-05 09:18:23+00:00,17998712764532694
"Myra Refined Kurtis

Fabric: Rayon

Sleeve Length: Three-Quarter Sleeves

Pattern: Printed

Sizes: M, L, XL, XXL

Price: Rs.499 only

Cash on delivery ‚úîÔ∏è
Free shipping ‚úîÔ∏è",0,2,,FEED,IMAGE,https://scontent-maa2-1.cdninstagram.com/v/t51.29350-15/313913890_813980546494319_6288676669078423863_n.webp?stp=dst-jpg&_nc_cat=102&ccb=1-7&_nc_sid=8ae9d6&_nc_ohc=Y9I1gZhFvm8AX8SgkyC&_nc_ht=scontent-maa2-1.cdninstagram.com&edm=AEQ6tj4EAAAA&oh=00_AfBVZDPjqTFXoh6AlGc8bdqKPyQUe2D82ZQ9JROxAtBHfQ&oe=646BDA39,True,https://www.instagram.com/p/CkkO0tsvQmj/,2022-11-05 04:37:51+00:00,17919243005628119
"üëâüèª *BEST RATE:- * 1149/-+Ship

üëú *PREMIUM READYMADE GOWN COLLECTIONS*
*This Designer Gown is Ideal for party , outings or weekend get-together. Maroon & Wine Colour is the Graceful For Women Who love Darkies.*

*üíï#GOWNüíï*
üëâüèª *GOWN :- üëá*
üëâüèª *FABRIC :-* Georgette Thousand Butti*
üëâüèª *SIZE :-* Full-stitch 40 INCH (Alter Upto 42 INCH)
üëâüèª *LENGTH :-* 56 INCH
üëâüèª *FLAIR :-* 3.5 MTR
üëâüèª *LINING :-* Cotton (Full Inner Top To Bottom)
üëâüèª *SLEEVES LENGTH :-* 17 INCH
üëâüèª *NECK TYPE :-* Collar Neck

üëâüèª *DUPATTA:- üëáüèª*
üëâüèª *FABRIC:-* Soft Organza 
üëâüèª *WORK :-* Embroidery Cutwork With Rich Digital Print
üëâüèª *LENGTH :-* 2.25 Mtr
üëâüèª *COLOUR :-* 2 (Maroon, Wine)
üëâüèª *PACKAGE CONTAIN :-* Gown, Dupatta",0,1,True,REELS,VIDEO,,True,https://www.instagram.com/reel/Cki8sRjIFw8/,2022-11-04 16:40:36+00:00,17942630342408101
"New Fresh Arrival 

VARNAM SAREE

ü§©Soft Kora Orgenza jacquard Silver Weaving Saree Running Silk Blouse !

Price 999/-üòç

‚úÖ 16 Colour Available 

Ready Stock Available",0,20,,FEED,CAROUSEL_ALBUM,https://scontent-maa2-2.cdninstagram.com/v/t51.29350-15/313795804_689464819364639_8754046551450829996_n.webp?stp=dst-jpg&_nc_cat=101&ccb=1-7&_nc_sid=8ae9d6&_nc_ohc=j8_-TVGQxKIAX_VePw8&_nc_ht=scontent-maa2-2.cdninstagram.com&edm=AEQ6tj4EAAAA&oh=00_AfAdaGxygbFwifuXJDswjDAyWJ_bIklfwBogJeu0SIlnZg&oe=646A711C,True,https://www.instagram.com/p/CkfhsyLvy9N/,2022-11-03 08:46:35+00:00,18025905472426385
"‚ú®Kuberapattu Saree‚ù§

@ Rs.1650 + ship

DM for orders

Direct dealing with wholesalers

Online payment ‚úîÔ∏è",0,1,True,REELS,VIDEO,,True,https://www.instagram.com/reel/Cke2PlQI0Du/,2022-11-03 02:29:53+00:00,17997624673549382
"Aagyeyi Drishya Sarees

Saree Fabric: Cotton

Blouse Fabric: Jacquard

Pattern: Printed

Blouse Pattern: Woven Design

For Women's Beautiful  Cotton  saree with JAQUARD Blouse Piece 

Sizes: 
Free Size (Saree Length Size: 5.5 m, Blouse Length Size: 0.8 m) 

Price: Rs.550 only

Cash on delivery ‚úîÔ∏è
Free shipping ‚úîÔ∏è",0,2,True,REELS,VIDEO,https://scontent-maa2-2.cdninstagram.com/o1/v/t16/f1/m82/014AEBD1B12785E72D35A29AE7E5ECA0_video_dashinit.mp4?efg=eyJ2ZW5jb2RlX3RhZyI6InZ0c192b2RfdXJsZ2VuLjcyMC5jbGlwcyJ9&_nc_ht=scontent-maa2-2.cdninstagram.com&_nc_cat=106&vs=676451473810900_3490078147&_nc_vs=HBksFQIYT2lnX3hwdl9yZWVsc19wZXJtYW5lbnRfcHJvZC8wMTRBRUJEMUIxMjc4NUU3MkQzNUEyOUFFN0U1RUNBMF92aWRlb19kYXNoaW5pdC5tcDQVAALIAQAVABgkR0RuRmxCTDlETkQzYnB3Q0FIUDBVVHp6eklBMGJxX0VBQUFGFQICyAEAKAAYABsBiAd1c2Vfb2lsATEVAAAmvOfSwvKFrkAVAigCQzMsF0AIJul41P30GBJkYXNoX2Jhc2VsaW5lXzFfdjERAHUAAA%3D%3D&ccb=9-4&oh=00_AfB5IBaqRCCc6w2QC67OXbIisMqxz3AHQJBhEr16EkAuQA&oe=6467D369&_nc_sid=c07a80&_nc_rid=c4a5cc8d32,True,https://www.instagram.com/reel/Ckd8ji4oHhU/,2022-11-02 18:03:54+00:00,17844008339880226
"*Mom n Daughter Combo*

All dresses are made of Pure cotton Export surplus Fabric.

Mom Kurti *Rs 790*
Sizes : *L, XL, XXL*

Kids Frock *Rs 590*
Sizes : *1 to 10yrs*

shipping charges
TN : *60*
other States : *80*",0,2,,FEED,CAROUSEL_ALBUM,https://scontent-maa2-1.cdninstagram.com/v/t51.29350-15/313798349_3225955147652400_3712836611058190780_n.webp?stp=dst-jpg&_nc_cat=108&ccb=1-7&_nc_sid=8ae9d6&_nc_ohc=LUX9bRMz2lsAX8TUaa7&_nc_ht=scontent-maa2-1.cdninstagram.com&edm=AEQ6tj4EAAAA&oh=00_AfBuDoGtkmQefRcPgDj3boIMBB_DRzLDsWVw2J7O3Ot9ZA&oe=646ABAF8,True,https://www.instagram.com/p/CkdM5pHPdfu/,2022-11-02 11:06:22+00:00,17972901403852487
"‚ù§Ô∏èRotating lamp
‚ù§Ô∏èPrice - 620
‚ù§Ô∏èFree shipping
‚ù§Ô∏èsize - 4*7 inch
‚ù§Ô∏è5 photos needed

#rsgiftings",0,3,True,REELS,VIDEO,,True,https://www.instagram.com/reel/CkbJ4FFofLq/,2022-11-01 16:01:50+00:00,17949089495473842
"*Family Combo - Available Sizes*

 *All Garments are made of  Export surplus Cotton fabric* 

*Mens Shirt* : Slim Fit

*Womens Kurti* : Straight cut Pattern with beautiful contrast embroidery design with side slit open with side single Pocket

*Kids Frock* : Knee Length frock with Ruffled sleeves and strings on both side with back buttons

Mens Price : *‚Çπ690*

Womens Price : *‚Çπ790*

Kids Shirt : *1 to 10yrs only*
Kids Shirt Price : *‚Çπ590*

Kids Frock Price :
1-2 to 6-7yrs : *‚Çπ650*
7-8 to 13-14yrs : *‚Çπ690*

Shipping charges :

Tamilnadu: *‚Çπ60*
Other states : *‚Çπ80(upto 3 pcs)*
Other states : *‚Çπ100(for 4 pcs)*",0,4,,FEED,CAROUSEL_ALBUM,https://scontent-maa2-2.cdninstagram.com/v/t51.29350-15/313351510_5859780870723320_6196377639456360563_n.webp?stp=dst-jpg&_nc_cat=104&ccb=1-7&_nc_sid=8ae9d6&_nc_ohc=D6-OGwPJnR4AX9rM1kJ&_nc_ht=scontent-maa2-2.cdninstagram.com&edm=AEQ6tj4EAAAA&oh=00_AfBXANqOQIew3iuC7OdYPvvrsK7KLiGpD3n969NjnDKywg&oe=646A7B95,True,https://www.instagram.com/p/CkabmyMPj-L/,2022-11-01 09:17:08+00:00,17847738629868493
"Kashvi Drishya Women  Dupatta Sets

Sleeve Length: Three-Quarter Sleeves

Pattern: Printed

Set Type: Kurta with Dupatta and Bottomwear

Stitch Type: Stitched

Sizes: 
M, L, XXL

Price: Rs.750 only

Cash on delivery‚úîÔ∏è
Free shipping‚úîÔ∏è",0,6,True,REELS,VIDEO,,True,https://www.instagram.com/reel/CkZmPyrI0w2/,2022-11-01 01:31:19+00:00,17961496334072216
"New Arrival 

Kanchi Orgenza Jacquard Saree Multi Squence Full Worked Saree With Raw Silk Sequence Blouse !

Price 1199/-üòç free shipping

Ready Stock Available",0,8,True,REELS,VIDEO,,True,https://www.instagram.com/reel/CkYt4TSIu3n/,2022-10-31 17:18:48+00:00,18048603550370496
"Trendy Ensemble Sarees

Saree Fabric: Satin Silk

Blouse Fabric: Satin Silk

Sizes: 
Free Size (Saree Length Size: 5.5 m, Blouse Length Size: 0.8 m) 

Price: Rs.999 only

Cash on delivery ‚úîÔ∏è
Free shipping ‚úîÔ∏è",0,4,,FEED,IMAGE,https://scontent-maa2-2.cdninstagram.com/v/t51.29350-15/313492232_1112066176152046_5611243280126960053_n.webp?stp=dst-jpg&_nc_cat=111&ccb=1-7&_nc_sid=8ae9d6&_nc_ohc=B9F7GIUHTFwAX9u_TEX&_nc_ht=scontent-maa2-2.cdninstagram.com&edm=AEQ6tj4EAAAA&oh=00_AfDUwV3sgXsayyO1WwXw0MWE4UtenWLyvXlchQkR_A-NFw&oe=646BECDD,True,https://www.instagram.com/p/CkYZydpv2z4/,2022-10-31 14:22:46+00:00,17862771404813068
"Heart pillow with photo 
Price - 450
Free shipping

#rsgiftings",0,2,,FEED,CAROUSEL_ALBUM,https://scontent-maa2-1.cdninstagram.com/v/t51.29350-15/313479600_605627767984026_7554194603172249346_n.webp?stp=dst-jpg&_nc_cat=106&ccb=1-7&_nc_sid=8ae9d6&_nc_ohc=DKLNqlt6bqUAX8sDwgc&_nc_ht=scontent-maa2-1.cdninstagram.com&edm=AEQ6tj4EAAAA&oh=00_AfD6CTXD5FNCvd1tLA5h61Cbhe3ZY_LR9pGfNSbKleaAdg&oe=646A20F5,True,https://www.instagram.com/p/CkX60V6j9kp/,2022-10-31 09:52:09+00:00,17970305017787657
Pick any 1 combo @ just Rs.1590 free shipping,0,1,,FEED,CAROUSEL_ALBUM,https://scontent-maa2-2.cdninstagram.com/v/t51.29350-15/313281564_425718969749819_4681470940627116618_n.webp?stp=dst-jpg&_nc_cat=101&ccb=1-7&_nc_sid=8ae9d6&_nc_ohc=zdImeSL5rBUAX9FCj9H&_nc_ht=scontent-maa2-2.cdninstagram.com&edm=AEQ6tj4EAAAA&oh=00_AfCOjbqfULKulP8iqdcpfKHonEn-8NAVR89_A7BohrJrUQ&oe=646AA18A,True,https://www.instagram.com/p/CkXrTENvTK3/,2022-10-31 07:36:32+00:00,17938527524445175
"*launching black Beauty Dress*

üíÉüíÉüíÉüíÉüíÉüíÉüíÉ
If you are looking for an outfit to be worn during a festival or to a wedding or even a birthday party with your loved ones, then ourüòé *Fleur Georgetta Tier Dress* is definitely the one. The come with gorgeous *Pichwai Print Dupatta* in Contrast color, the classy  flares, and the super-Georgetta material will surely make you the happiest person in the room!

ü§∑‚Äç‚ôÄÔ∏èü§∑‚Äç‚ôÄÔ∏èü§∑‚Äç‚ôÄÔ∏èü§∑‚Äç‚ôÄÔ∏èü§∑‚Äç‚ôÄÔ∏èü§∑‚Äç‚ôÄÔ∏è
Size :- S(36)
 M(38)
 L (40)
 Xl (42)
 Xxl (44)

*Price :- 899+79 shipping*

Ready to ship üö¢

Follow üëâüèª @_rs_fashionss_ 

üåπDM for ordersüåπ",0,3,True,REELS,VIDEO,https://scontent-maa2-2.cdninstagram.com/o1/v/t16/f1/m82/354BD38FCC3A85D51159C768FB7BDDB3_video_dashinit.mp4?efg=eyJ2ZW5jb2RlX3RhZyI6InZ0c192b2RfdXJsZ2VuLjcyMC5jbGlwcyJ9&_nc_ht=scontent-maa2-2.cdninstagram.com&_nc_cat=102&vs=526086999331906_3573948524&_nc_vs=HBksFQIYT2lnX3hwdl9yZWVsc19wZXJtYW5lbnRfcHJvZC8zNTRCRDM4RkNDM0E4NUQ1MTE1OUM3NjhGQjdCRERCM192aWRlb19kYXNoaW5pdC5tcDQVAALIAQAVABgkR0phTHJ4THBIWm1xMlVvQ0FEUUNDQ1dScmFZamJxX0VBQUFGFQICyAEAKAAYABsBiAd1c2Vfb2lsATEVAAAm%2BLqgkvCc5D8VAigCQzMsF0AqqHKwIMScGBJkYXNoX2Jhc2VsaW5lXzFfdjERAHUAAA%3D%3D&ccb=9-4&oh=00_AfDtxLDnUI44qnvQaJ7hnbl-ry3M2NLVva0poP4I4_oZ3A&oe=6467867A&_nc_sid=c07a80&_nc_rid=2031878da1,True,https://www.instagram.com/reel/CkXcn8eoyNH/,2022-10-31 05:28:57+00:00,17924699048499234
"We presenting most trending *Soft  jute kalmkari theme sarees*‚Ä¶ with beautiful pallu 

Paired with *Long kanchi design border*

Highlighted *Contrast Blouse with borders* 

Beautiful latkan I pallu

Price 999/- free shipping

*üåüMultiples Available*üåü",0,3,,FEED,CAROUSEL_ALBUM,https://scontent-maa2-2.cdninstagram.com/v/t51.29350-15/313126087_125305436987267_5663526196977636917_n.webp?stp=dst-jpg&_nc_cat=107&ccb=1-7&_nc_sid=8ae9d6&_nc_ohc=Q8TRotxYGMsAX8Ob1-t&_nc_ht=scontent-maa2-2.cdninstagram.com&edm=AEQ6tj4EAAAA&oh=00_AfABAsxmS6RIX-ajpsOCt-zJ5bBf9INesNFzhohMbeCyGA&oe=646BD7EB,True,https://www.instagram.com/p/CkV__gyvB42/,2022-10-30 15:58:53+00:00,18019255582412067
"PALLAVI 3 = CHIKU-BLUE

Saree Fabric: Cotton Silk

Blouse Fabric: Cotton Silk

THERE MEIGHT BE SLIGHT COLOR TONE VARIATION DUE TO DIFFERENT MOBILE DISPLAY RESOLUTION AND PHOTOGRAPHIC LIGHTING

Sizes: 
Free Size (Saree Length Size: 5.5 m, Blouse Length Size: 0.8 m) 

Price: Rs.699 only

Cash on delivery ‚úîÔ∏è
Free shipping ‚úîÔ∏è",0,2,,FEED,IMAGE,https://scontent-maa2-1.cdninstagram.com/v/t51.29350-15/312456572_147067064707228_5794505785328395102_n.webp?stp=dst-jpg&_nc_cat=102&ccb=1-7&_nc_sid=8ae9d6&_nc_ohc=35p2RV3vq-gAX9ws5B-&_nc_ht=scontent-maa2-1.cdninstagram.com&edm=AEQ6tj4EAAAA&oh=00_AfDQ2uCHqpiav4E2e8gPboZWWK5QnVxmES_7V7QdDs40yQ&oe=646A3AA4,True,https://www.instagram.com/p/CkV7Vm1vdDO/,2022-10-30 15:18:13+00:00,17856868469800373
"Georgette Gowns 

Fabric: Georgette

Sleeve Length: Long Sleeves

Sizes:
S (Bust Size: 36 in, Length Size: 51 in, Waist Size: 34 in) 
M (Bust Size: 38 in, Length Size: 52 in, Waist Size: 36 in) 
L (Bust Size: 40 in, Length Size: 53 in, Waist Size: 38 in) 
XL (Bust Size: 42 in, Length Size: 54 in, Waist Size: 40 in) 
XXL (Bust Size: 44 in, Length Size: 55 in, Waist Size: 42 in) 

Price: Rs.599 only

Cash on delivery ‚úîÔ∏è
Free shipping ‚úîÔ∏è",0,6,True,REELS,VIDEO,,True,https://www.instagram.com/reel/CkVZfy0qop-/,2022-10-30 10:22:55+00:00,18191085754214477
"Stylish Designer Women Gowns

Fabric: Satin

Sleeve Length: Three-Quarter Sleeves

Sizes:
M (Bust Size: 38 in, Length Size: 56 in, Hip Size: 17 in) 
L (Bust Size: 40 in, Length Size: 56 in) 
XL (Bust Size: 42 in, Length Size: 56 in) 
XXL (Bust Size: 44 in, Length Size: 56 in) 

Price: Rs.599 only

Cash on delivery ‚úîÔ∏è
Free shipping ‚úîÔ∏è",0,12,True,REELS,VIDEO,https://scontent-maa2-2.cdninstagram.com/o1/v/t16/f1/m82/804FBDBC6095CA90803885C8399C59A3_video_dashinit.mp4?efg=eyJ2ZW5jb2RlX3RhZyI6InZ0c192b2RfdXJsZ2VuLjcyMC5jbGlwcyJ9&_nc_ht=scontent-maa2-2.cdninstagram.com&_nc_cat=111&vs=1155393718425363_3223868409&_nc_vs=HBksFQIYT2lnX3hwdl9yZWVsc19wZXJtYW5lbnRfcHJvZC84MDRGQkRCQzYwOTVDQTkwODAzODg1QzgzOTlDNTlBM192aWRlb19kYXNoaW5pdC5tcDQVAALIAQAVABgkR0VmdnJSSkExaU9OWFpzQUFLV3MzNTZhdHNFemJxX0VBQUFGFQICyAEAKAAYABsBiAd1c2Vfb2lsATEVAAAm0OHfjsyhvD8VAigCQzMsF0AuU3S8an76GBJkYXNoX2Jhc2VsaW5lXzFfdjERAHUAAA%3D%3D&ccb=9-4&oh=00_AfBdnS_b03gaAKOgCGsZ3uNaDAjlxDxgU3KWygTwKE2tbA&oe=6467C25F&_nc_sid=c07a80&_nc_rid=9641c370b1,True,https://www.instagram.com/reel/CkS1Sqbo35o/,2022-10-29 10:28:39+00:00,18159854578270631
"Customised Bluetooth speaker
Price - 550
Free shipping
3-4 photos needed

#rsgiftings",0,5,True,REELS,VIDEO,https://scontent-maa2-2.cdninstagram.com/o1/v/t16/f1/m82/4D4E5B82D39271CA67EF39A92672B29B_video_dashinit.mp4?efg=eyJ2ZW5jb2RlX3RhZyI6InZ0c192b2RfdXJsZ2VuLjQ4MC5jbGlwcyJ9&_nc_ht=scontent-maa2-2.cdninstagram.com&_nc_cat=102&vs=661139078734486_21576630&_nc_vs=HBksFQIYT2lnX3hwdl9yZWVsc19wZXJtYW5lbnRfcHJvZC80RDRFNUI4MkQzOTI3MUNBNjdFRjM5QTkyNjcyQjI5Ql92aWRlb19kYXNoaW5pdC5tcDQVAALIAQAVABgkR0hDVXJCSjkydFR6SWt3Q0FCSFk1WVFseElvdmJxX0VBQUFGFQICyAEAKAAYABsBiAd1c2Vfb2lsATEVAAAmgvjakerD4UAVAigCQzMsF0AaAgxJul41GBJkYXNoX2Jhc2VsaW5lXzFfdjERAHUAAA%3D%3D&ccb=9-4&oh=00_AfBn1H5iNsm994XY1DMNmUhAX3O-oFwyu_1iA5DguC-ZJg&oe=6467595F&_nc_sid=c07a80&_nc_rid=020556ac3d,True,https://www.instagram.com/reel/CkQsjRtonjW/,2022-10-28 14:33:00+00:00,17968906855800440
"Beautiful Womens Voguish Sarees 

Saree Fabric: Chiffon

Blouse Fabric: Jute Cotton

Trendy Petite Voguish Chiffon Foil Print Sarees With Heavy Jacquard blouse Pieces

Sizes: 
Free Size (Saree Length Size: 5.5 m, Blouse Length Size: 0.8 m) 

Price: Rs.550 only

Cash on delivery ‚úîÔ∏è
Free shipping ‚úîÔ∏è",0,11,,FEED,IMAGE,https://scontent-maa2-1.cdninstagram.com/v/t51.29350-15/312938618_512691430718645_8407156146200603826_n.webp?stp=dst-jpg&_nc_cat=105&ccb=1-7&_nc_sid=8ae9d6&_nc_ohc=-5SGm3_CZccAX9HJz0z&_nc_ht=scontent-maa2-1.cdninstagram.com&edm=AEQ6tj4EAAAA&oh=00_AfAU5ul1kagLYT3YX6mldFX71YFL1w8v3HL7dSqQ4fINaw&oe=646B9CE7,True,https://www.instagram.com/p/CkOFeuMPoas/,2022-10-27 14:12:55+00:00,17958416599976051
"Trending women's top with overcoat ‚ù§

@ just Rs.699 only ‚ù§

Cash on delivery ‚úîÔ∏è
Free shipping ‚úîÔ∏è",0,6,,FEED,IMAGE,https://scontent-maa2-2.cdninstagram.com/v/t51.29350-15/312838336_161943223184041_4466857060783743814_n.webp?stp=dst-jpg&_nc_cat=111&ccb=1-7&_nc_sid=8ae9d6&_nc_ohc=tyQuOBHheHQAX-IbDa0&_nc_ht=scontent-maa2-2.cdninstagram.com&edm=AEQ6tj4EAAAA&oh=00_AfB1E4VzvJorhVmsD-MxWM2twzTS3ouVvPrHBYvkZz9Fvw&oe=646A5B65,True,https://www.instagram.com/p/CkNHmWeDE6a/,2022-10-27 05:12:11+00:00,17860295390790870
"Tissue Silk Saree

Saree Fabric: Tissue

Blouse Fabric: Tissue

Sizes: 
Free Size (Saree Length Size: 5.5 m, Blouse Length Size: 0.9 m) 

Price: Rs.950 only

Cash on delivery ‚úîÔ∏è
Free shipping ‚úîÔ∏è",0,3,,FEED,IMAGE,https://scontent-maa2-1.cdninstagram.com/v/t51.29350-15/312620830_926051815036957_5963002800662530095_n.webp?stp=dst-jpg&_nc_cat=102&ccb=1-7&_nc_sid=8ae9d6&_nc_ohc=10B10SST1k4AX9vOWiF&_nc_ht=scontent-maa2-1.cdninstagram.com&edm=AEQ6tj4EAAAA&oh=00_AfDsFLC2HcJp_-kLs8C5Nx4U9L8h0hygrwKX_cTMocp7OQ&oe=646B76E3,True,https://www.instagram.com/p/CkLzPbzv9jn/,2022-10-26 16:55:03+00:00,17990037589605517
"RS.1099 FREE SHIP

Very very good quality

Same as shown in the real pic and video",0,1,True,REELS,VIDEO,,True,https://www.instagram.com/reel/CkLv1T5K7N3/,2022-10-26 16:25:53+00:00,18078797461313660
"Bridal Jewellery ‚ù§

Rs.1750 free shipping",0,7,,FEED,CAROUSEL_ALBUM,https://scontent-maa2-1.cdninstagram.com/v/t51.29350-15/312576597_195136719651515_7838929972036096319_n.webp?stp=dst-jpg&_nc_cat=106&ccb=1-7&_nc_sid=8ae9d6&_nc_ohc=y8k0fpqjvaAAX-ekvRi&_nc_oc=AQnmF8QmnIfykbAurCFjpht3bEu85uhLSuRFVBN89osWFrUfr6DhOZ0wJ8DA7mjGr20&_nc_ht=scontent-maa2-1.cdninstagram.com&edm=AEQ6tj4EAAAA&oh=00_AfB1Loqkc7PdD-uIHoaqnMU9VbWyXO63AK7YlD_W-BBZag&oe=646BD3B4,True,https://www.instagram.com/p/CkK8_qSDMjP/,2022-10-26 09:01:03+00:00,17933559746362076
"Urbane Fabulous Women Gowns

Fabric: Crepe
Sleeve Length: Three-Quarter Sleeves

Sizes:
S (Bust Size: 36 in, Length Size: 34 in, Waist Size: 52 in, Hip Size: 38 in) 
M (Bust Size: 38 in, Length Size: 36 in, Waist Size: 52 in, Hip Size: 40 in) 
L (Bust Size: 40 in, Length Size: 38 in, Waist Size: 52 in, Hip Size: 42 in) 
XL (Bust Size: 42 in, Length Size: 40 in, Waist Size: 52 in, Hip Size: 44 in) 
XXL (Bust Size: 44 in, Length Size: 42 in, Waist Size: 52 in, Hip Size: 46 in) 

Price: Rs.499 only

Cash on delivery ‚úîÔ∏è
Free shipping ‚úîÔ∏è",0,5,,FEED,IMAGE,https://scontent-maa2-2.cdninstagram.com/v/t51.29350-15/312771961_186732323886481_8865031468769807613_n.webp?stp=dst-jpg&_nc_cat=104&ccb=1-7&_nc_sid=8ae9d6&_nc_ohc=0i0Jq0EQ_OQAX_BnvTF&_nc_ht=scontent-maa2-2.cdninstagram.com&edm=AEQ6tj4EAAAA&oh=00_AfCQ0dQUH2M1FOJ-nj090kZVx_nkFC6nVrQbXq5lJIcTaQ&oe=646B49FD,True,https://www.instagram.com/p/CkKdWPQDjRl/,2022-10-26 04:24:30+00:00,17956143455159522
"Hit Designüéâüéâüéâüéâüéâüéâüéâüéâüéâüéâüéâüéâüéâüéâüéâ

College Wear Collection üéâüéâüéâüéâüéâüéâüéâüéâüéâüéâ

Material:- Soft Cotton Beautiful Print Saree with Contrast Weaving Jaqurad *Border* and  Contrast *Blouse*üéâüéâüéâüéâüéâüéâüéâüéâüéâüéâüéâ

*We assure it's of best üëå quality.*
*üíØ% Guarantee..*

Price :- *890*+$

*New Arrivals* üéâüéâüéâüéâüéâüéâüéâüéâüéâ

*Ready to dispatch..!!*",0,3,True,REELS,VIDEO,https://scontent-maa2-2.cdninstagram.com/o1/v/t16/f1/m82/6541AA4E31A6E2FA205A678E9F03CF8A_video_dashinit.mp4?efg=eyJ2ZW5jb2RlX3RhZyI6InZ0c192b2RfdXJsZ2VuLjcyMC5jbGlwcyJ9&_nc_ht=scontent-maa2-2.cdninstagram.com&_nc_cat=108&vs=808890533688391_912189946&_nc_vs=HBksFQIYT2lnX3hwdl9yZWVsc19wZXJtYW5lbnRfcHJvZC82NTQxQUE0RTMxQTZFMkZBMjA1QTY3OEU5RjAzQ0Y4QV92aWRlb19kYXNoaW5pdC5tcDQVAALIAQAVABgkR05LU294Sk4xME8yNzBrQ0FKVVdWRUtPYks1N2JxX0VBQUFGFQICyAEAKAAYABsBiAd1c2Vfb2lsATEVAAAm9NeY6seqjkAVAigCQzMsF0A2ehysCDEnGBJkYXNoX2Jhc2VsaW5lXzFfdjERAHUAAA%3D%3D&ccb=9-4&oh=00_AfBNViy9tOwPPp4C9mKbNxANjZPEUCbagtg081_u4AnGqw&oe=6467A4BA&_nc_sid=c07a80&_nc_rid=e170d2c856,True,https://www.instagram.com/reel/CkI8nviquUt/,2022-10-25 14:19:54+00:00,18082034326308140
"üí∞ *Price: 999/-+Ship*

*New party wear gown with Digital print and hevy embroidery work dupatta*

*New 4 color available*
üëó *Gown Fabric :* Fox Georgette with Mirror Work
*Inner:-* Creap
*Dupatta Fabric:* Georgette with digital print and embroidery work

*Length:-* 52+ inch
*Flair:-* 4 mtr

üëâüèª *Size : M-(38), 
  L-(40), 
  XL-(42), 
  XXL-(44)*

*King of quality product*",0,5,,FEED,CAROUSEL_ALBUM,https://scontent-maa2-1.cdninstagram.com/v/t51.29350-15/312648118_1222582741639838_113148703608490164_n.webp?stp=dst-jpg&_nc_cat=102&ccb=1-7&_nc_sid=8ae9d6&_nc_ohc=k4MrZhZzOPAAX82YMgF&_nc_ht=scontent-maa2-1.cdninstagram.com&edm=AEQ6tj4EAAAA&oh=00_AfAOUvbPK057xNiISU8P4Bah7tb8KdE8_7shxdETnJuqAQ&oe=646A7295,True,https://www.instagram.com/p/CkI76MqvDM8/,2022-10-25 14:13:05+00:00,17967856852823931
Price : 1650 free shipping,2,4,,FEED,IMAGE,https://scontent-maa2-2.cdninstagram.com/v/t51.29350-15/312577428_1178706672725848_6273185009336089304_n.webp?stp=dst-jpg&_nc_cat=107&ccb=1-7&_nc_sid=8ae9d6&_nc_ohc=Yl8Hm9CxPVgAX9sVmKn&_nc_ht=scontent-maa2-2.cdninstagram.com&edm=AEQ6tj4EAAAA&oh=00_AfDlm6VMT9ynQhO5FK6n2JFWDXEbU6KA5iFBWCpmxWLx2w&oe=646B2203,True,https://www.instagram.com/p/CkIvUrbv6mD/,2022-10-25 12:23:06+00:00,17856177032835449
"üî•üî•sale...sale...sale....üî•üî•

üî•üî•Beautiful high quality.. czss..gold finished  czss. Bridal set . ..at just Rs 4399...free shipping...
..üî•üî•

üî•Least prices everüî•
 
ü•≥Book Before Stock Outü•≥

üî•Don't Miss  Sale Pricesüî•",0,2,True,REELS,VIDEO,,True,https://www.instagram.com/reel/CkIu9KOoBZe/,2022-10-25 12:20:52+00:00,17997964210491082
"TISYU

Top Fabric: Organza + Top Length: 2 Meters
Bottom Fabric: Shantoon + Bottom Length: 2 Meters
Dupatta Fabric: Organza + Dupatta Length: 2 Meters
Lining Fabric: Shantoon

Unstiched material 

Price: Rs.675 only

Cash on delivery ‚úîÔ∏è
Free shipping ‚úîÔ∏è",0,2,,FEED,IMAGE,https://scontent-maa2-1.cdninstagram.com/v/t51.29350-15/312466688_624323956093599_7770758437145125083_n.webp?stp=dst-jpg&_nc_cat=108&ccb=1-7&_nc_sid=8ae9d6&_nc_ohc=pvHQRszDXGYAX9Kow-G&_nc_ht=scontent-maa2-1.cdninstagram.com&edm=AEQ6tj4EAAAA&oh=00_AfDqlumJ3N0-bMJjIWnOR-M7nMO-yL9GTodveyIl63Rdcg&oe=646AFFC8,True,https://www.instagram.com/p/CkIoJy_P2Hy/,2022-10-25 11:20:27+00:00,18188771164209621
"Couples Outfit ‚ù§

Rs.950 only ‚ù§

Cash on delivery ‚ù§

Free shipping ‚ù§

Direct dealing with manufacturers ‚ù§

@_rs_fashionss_ ‚ù§",0,7,True,REELS,VIDEO,https://scontent-maa2-2.cdninstagram.com/o1/v/t16/f1/m82/4741627ABBC051F56411A57E005787B1_video_dashinit.mp4?efg=eyJ2ZW5jb2RlX3RhZyI6InZ0c192b2RfdXJsZ2VuLjcyMC5jbGlwcyJ9&_nc_ht=scontent-maa2-2.cdninstagram.com&_nc_cat=106&vs=479190607513851_310194959&_nc_vs=HBksFQIYT2lnX3hwdl9yZWVsc19wZXJtYW5lbnRfcHJvZC80NzQxNjI3QUJCQzA1MUY1NjQxMUE1N0UwMDU3ODdCMV92aWRlb19kYXNoaW5pdC5tcDQVAALIAQAVABgkR0hLanB4SkdkUVpNbDZJQkFBeDhEQVNEZDZWVGJxX0VBQUFGFQICyAEAKAAYABsBiAd1c2Vfb2lsATEVAAAm9Lunxv%2B%2B5j8VAigCQzMsF0AuGBBiTdLyGBJkYXNoX2Jhc2VsaW5lXzFfdjERAHUAAA%3D%3D&ccb=9-4&oh=00_AfCHktXXYnh_mNROviNHARyFbdbMGy099NY8n_yqigxt0Q&oe=6467DA0B&_nc_sid=c07a80&_nc_rid=8147dccbe4,True,https://www.instagram.com/reel/CkIPlbTqm32/,2022-10-25 07:46:44+00:00,18324779863003859
